{"type":"FeatureCollection", "features": [
{"type":"Feature","geometry":{"type":"MultiPolygon","coordinates":[[[[105.1872,10.9115],[105.1803,10.9118],[105.1569,10.9239],[105.1099,10.9183],[105.0993,10.9209],[105.1013,10.9273],[105.1166,10.9424],[105.1174,10.9605],[105.1028,10.9564],[105.0828,10.9565],[105.0771,10.9366],[105.0684,10.939],[105.0535,10.9296],[105.0527,10.9165],[105.0419,10.9103],[105.0454,10.9028],[105.0285,10.8923],[105.034,10.8683],[105.0442,10.8454],[105.0589,10.8199],[105.0581,10.806],[105.0627,10.7973],[105.0642,10.7805],[105.0763,10.7782],[105.0925,10.7561],[105.0983,10.7216],[105.0192,10.6762],[105.0195,10.675],[104.9638,10.6442],[104.9538,10.6367],[104.9351,10.6139],[104.9181,10.5792],[104.9009,10.5518],[104.8685,10.5217],[104.7533,10.5189],[104.6952,10.5377],[104.6468,10.54],[104.6459,10.5298],[104.6163,10.5283],[104.5987,10.534],[104.5877,10.5273],[104.587,10.5099],[104.5829,10.5041],[104.5596,10.4925],[104.5583,10.4728],[104.5526,10.4575],[104.5418,10.4476],[104.5281,10.4469],[104.5167,10.438],[104.498,10.4044],[104.4891,10.4204],[104.4783,10.4315],[104.4391,10.4232],[104.4511,10.4057],[104.4527,10.3968],[104.4437,10.3843],[104.4437,10.3644],[104.46,10.3692],[104.4646,10.3765],[104.4819,10.3775],[104.4867,10.3726],[104.4773,10.3653],[104.4822,10.3607],[104.4895,10.3675],[104.5129,10.3445],[104.5257,10.3262],[104.5325,10.3087],[104.5277,10.301],[104.5345,10.2864],[104.5328,10.2772],[104.5446,10.292],[104.551,10.2901],[104.5718,10.2706],[104.5836,10.2496],[104.5913,10.223],[104.5878,10.2115],[104.5963,10.1888],[104.5903,10.188],[104.6078,10.1659],[104.6094,10.1583],[104.5997,10.1459],[104.6075,10.1425],[104.6143,10.1484],[104.6376,10.1411],[104.6458,10.1438],[104.6697,10.1791],[104.6925,10.2043],[104.7188,10.2215],[104.7414,10.2277],[104.7683,10.2199],[104.8031,10.1965],[104.8219,10.1744],[104.8691,10.1074],[104.8815,10.0922],[104.8911,10.0871],[104.9107,10.087],[104.9642,10.0982],[104.9837,10.0963],[104.9905,10.0988],[105.0227,10.0671],[105.0624,10.024],[105.0583,10.0197],[105.0796,10.0032],[105.0985,9.9619],[105.1067,9.9476],[105.1032,9.9307],[105.0885,9.9267],[105.0801,9.948],[105.0653,9.9489],[105.0461,9.9402],[105.0119,9.9129],[104.9565,9.8534],[104.9434,9.8522],[104.9123,9.8541],[104.8951,9.8475],[104.8871,9.8301],[104.876,9.7686],[104.859,9.7187],[104.8468,9.6629],[104.8465,9.637],[104.84,9.5829],[104.8368,9.5308],[104.8459,9.5293],[104.8539,9.5185],[104.8813,9.4941],[104.9165,9.5616],[104.9456,9.5328],[104.963,9.5559],[104.9723,9.5473],[104.9926,9.539],[105.003,9.5585],[105.121,9.487],[105.137,9.4779],[105.2621,9.3992],[105.2779,9.3987],[105.2948,9.3881],[105.2968,9.3912],[105.3191,9.3832],[105.311,9.4069],[105.3105,9.4165],[105.2945,9.4345],[105.2909,9.4616],[105.2938,9.4897],[105.2988,9.5044],[105.3106,9.5067],[105.3233,9.5164],[105.3198,9.5243],[105.33,9.5275],[105.3229,9.5439],[105.3239,9.5586],[105.3093,9.5555],[105.3119,9.5731],[105.2967,9.583],[105.2865,9.5996],[105.2889,9.6137],[105.2863,9.6253],[105.2922,9.6369],[105.3028,9.629],[105.3095,9.6072],[105.3301,9.6],[105.339,9.6107],[105.3535,9.5937],[105.3716,9.5891],[105.3737,9.5962],[105.3767,9.6161],[105.3903,9.6259],[105.3994,9.6222],[105.3991,9.6305],[105.4069,9.6435],[105.4066,9.6518],[105.3943,9.6601],[105.387,9.658],[105.3685,9.6623],[105.3723,9.6727],[105.3555,9.6694],[105.3527,9.6762],[105.3384,9.6769],[105.3377,9.688],[105.3284,9.6983],[105.3568,9.7126],[105.3749,9.7315],[105.3918,9.7368],[105.3938,9.7449],[105.4152,9.7548],[105.4071,9.7597],[105.4049,9.7696],[105.4111,9.7775],[105.417,9.7748],[105.4232,9.7855],[105.4351,9.7931],[105.4309,9.8162],[105.4555,9.8226],[105.4766,9.8326],[105.5209,9.8591],[105.5165,9.8631],[105.5394,9.913],[105.45,9.9949],[105.4026,10.0398],[105.3567,10.0813],[105.3526,10.1011],[105.3169,10.1413],[105.3106,10.1347],[105.3033,10.1437],[105.2982,10.1386],[105.2759,10.1608],[105.2258,10.201],[105.2531,10.2386],[105.2609,10.2459],[105.2671,10.239],[105.2889,10.2599],[105.3015,10.277],[105.3066,10.2689],[105.312,10.2739],[105.3362,10.2345],[105.3996,10.2538],[105.4414,10.27],[105.4266,10.303],[105.4771,10.3107],[105.4872,10.3238],[105.4965,10.325],[105.4886,10.3337],[105.4904,10.3445],[105.4996,10.3539],[105.521,10.3633],[105.5287,10.3792],[105.5237,10.3993],[105.54,10.4135],[105.5527,10.4171],[105.5466,10.4213],[105.5549,10.4343],[105.5738,10.4286],[105.5757,10.4464],[105.5704,10.4788],[105.5557,10.5124],[105.5469,10.5257],[105.5326,10.5373],[105.5115,10.5474],[105.4883,10.5425],[105.4822,10.5341],[105.4464,10.553],[105.4199,10.5499],[105.4084,10.5544],[105.3908,10.57],[105.3746,10.5709],[105.369,10.5753],[105.3497,10.6166],[105.3409,10.6416],[105.3377,10.672],[105.3524,10.7134],[105.3397,10.7227],[105.324,10.7219],[105.3021,10.7162],[105.2785,10.7231],[105.2759,10.7284],[105.2857,10.7392],[105.3,10.747],[105.3044,10.7568],[105.2974,10.7629],[105.2733,10.7644],[105.2627,10.7702],[105.2582,10.7822],[105.2627,10.7958],[105.2594,10.8013],[105.2344,10.8065],[105.2226,10.8225],[105.2224,10.8288],[105.2052,10.8572],[105.1878,10.8741],[105.1872,10.9115]]],[[[104.0421,10.4124],[104.0259,10.4162],[104.0059,10.4476],[103.9904,10.4518],[103.9796,10.4482],[103.9713,10.4373],[103.9669,10.4101],[103.9471,10.4019],[103.9423,10.3819],[103.9354,10.3691],[103.9217,10.3598],[103.8815,10.3717],[103.8492,10.3751],[103.8377,10.3783],[103.8326,10.3626],[103.8417,10.3574],[103.8505,10.3261],[103.8599,10.3017],[103.8734,10.3061],[103.8904,10.2889],[103.9054,10.2916],[103.9233,10.2776],[103.9284,10.2634],[103.9398,10.2536],[103.95,10.2366],[103.9608,10.2036],[103.9702,10.1643],[103.9849,10.0927],[103.9903,10.0484],[103.999,10.0447],[104.0099,10.0093],[104.0153,10.0166],[104.025,10.0163],[104.0318,10.0095],[104.0422,10.0134],[104.0306,10.031],[104.038,10.0419],[104.0365,10.0574],[104.0434,10.0689],[104.0201,10.0813],[104.0258,10.0922],[104.0253,10.1025],[104.0371,10.1194],[104.0299,10.1367],[104.0435,10.1522],[104.0506,10.1883],[104.056,10.2024],[104.0733,10.2222],[104.0806,10.2469],[104.074,10.2833],[104.0799,10.3093],[104.0723,10.3422],[104.0798,10.3559],[104.0776,10.3724],[104.062,10.391],[104.0557,10.4033],[104.0421,10.4124]]],[[[103.5078,9.3168],[103.5073,9.3197],[103.4762,9.32],[103.4624,9.3122],[103.4588,9.3032],[103.4758,9.301],[103.4754,9.2859],[103.4852,9.2859],[103.496,9.3005],[103.5116,9.3098],[103.5078,9.3168]]],[[[104.644,9.8185],[104.6328,9.8222],[104.6178,9.8114],[104.6135,9.8011],[104.6188,9.7961],[104.6306,9.7989],[104.6357,9.7935],[104.6496,9.7963],[104.6584,9.817],[104.644,9.8185]]],[[[104.3582,9.6906],[104.3632,9.6944],[104.3543,9.7123],[104.3556,9.6926],[104.3462,9.6841],[104.3484,9.6678],[104.3608,9.6592],[104.3582,9.6906]]],[[[104.8554,9.9779],[104.8332,9.9713],[104.8279,9.9564],[104.8368,9.9485],[104.8554,9.9779]]],[[[104.5574,10.0343],[104.5511,10.0378],[104.5442,10.0293],[104.5511,10.0147],[104.5601,10.0172],[104.5574,10.0343]]],[[[104.0161,9.9671],[104.0103,9.9683],[104.0108,9.9481],[104.0225,9.9397],[104.023,9.9588],[104.0161,9.9671]]],[[[104.026,9.9717],[104.0189,9.984],[104.0171,9.9742],[104.026,9.9717]]],[[[103.5323,9.3267],[103.5227,9.3212],[103.5347,9.3158],[103.5323,9.3267]]],[[[104.3373,10.3197],[104.3235,10.3218],[104.3296,10.3125],[104.3373,10.3197]]]]},"properties":{"ma_tinh":"91","ten_tinh":"An Giang","sap_nhap":"An Giang, Kiên Giang","quy_mo":"102 đơn vị (14 phường , 85 xã, và 3 đặc khu: Phú Quốc, Kiên Hải, Thổ Châu)","tru_so":"Số 16C Tôn Đức Thắng, Mỹ Bình, An Giang","loai":"Tỉnh","cap":1,"stt":32,"dien_tich_km2":9986.95,"dan_so":4995214,"mat_do_km2":500.17,"lat":10.178240724520426,"lon":105.09770969983495,"GEOlayersRenamed":"An Giang"}},
{"type":"Feature","geometry":{"type":"Polygon","coordinates":[[[106.0009,21.0012],[106.0128,21.0022],[106.0289,20.993],[106.0512,21.007],[106.0596,21.0003],[106.0799,20.9957],[106.0836,21.0047],[106.0932,21.0054],[106.1022,20.9973],[106.1157,20.9959],[106.1149,20.9832],[106.1272,20.9835],[106.1274,20.9835],[106.1319,20.9993],[106.1381,21.0013],[106.151,20.9885],[106.1607,20.9901],[106.1696,20.9848],[106.1631,20.9756],[106.1675,20.9693],[106.1879,20.981],[106.1914,20.9791],[106.2209,20.9898],[106.2211,20.9958],[106.2447,20.9914],[106.2528,20.9966],[106.2668,20.9879],[106.2731,20.9914],[106.2765,21.0065],[106.2951,21.0216],[106.2932,21.0376],[106.3092,21.056],[106.3026,21.0744],[106.3022,21.0873],[106.2958,21.1053],[106.2994,21.1222],[106.3182,21.1372],[106.323,21.1527],[106.3099,21.1792],[106.3133,21.1934],[106.324,21.1922],[106.3227,21.1841],[106.3457,21.1654],[106.3474,21.1736],[106.3656,21.1736],[106.3741,21.1867],[106.3742,21.1954],[106.4127,21.2075],[106.4162,21.2218],[106.4309,21.2315],[106.4432,21.2287],[106.4554,21.2328],[106.4661,21.2262],[106.4743,21.2302],[106.5019,21.224],[106.53,21.2222],[106.5422,21.1925],[106.5553,21.1947],[106.5646,21.1889],[106.5792,21.1925],[106.5874,21.189],[106.5888,21.1783],[106.6061,21.1795],[106.609,21.1723],[106.641,21.1727],[106.648,21.176],[106.6819,21.1665],[106.6972,21.1701],[106.7148,21.1608],[106.7335,21.1615],[106.7428,21.1573],[106.7672,21.156],[106.7692,21.1526],[106.7944,21.1491],[106.8193,21.1566],[106.8335,21.1529],[106.8261,21.1649],[106.8274,21.1879],[106.8573,21.1877],[106.8614,21.1763],[106.874,21.1741],[106.8824,21.1834],[106.8925,21.1791],[106.9164,21.1845],[106.9327,21.1691],[106.9428,21.1736],[106.9479,21.1876],[106.9562,21.1919],[106.9562,21.2064],[106.9689,21.2252],[106.9784,21.2263],[106.9773,21.2396],[106.986,21.2568],[106.9756,21.2708],[106.9723,21.2839],[106.9841,21.2924],[107.0038,21.2933],[107.02,21.299],[107.0333,21.315],[107.0318,21.3253],[107.0218,21.3315],[107.0165,21.3438],[106.9881,21.3585],[106.993,21.3813],[106.9855,21.4022],[106.9916,21.4148],[107.0038,21.4215],[106.9869,21.4397],[106.9692,21.436],[106.9592,21.4247],[106.9517,21.4235],[106.9404,21.4353],[106.9285,21.4254],[106.9265,21.441],[106.9147,21.4296],[106.8911,21.4519],[106.9014,21.4731],[106.8891,21.4828],[106.8905,21.4895],[106.8675,21.4975],[106.8457,21.4938],[106.8387,21.507],[106.8507,21.5173],[106.8537,21.5259],[106.8622,21.5246],[106.8653,21.5337],[106.8502,21.5413],[106.8429,21.5596],[106.8163,21.562],[106.8073,21.559],[106.7879,21.5711],[106.7866,21.5779],[106.7586,21.5696],[106.7554,21.5626],[106.7617,21.5541],[106.7555,21.5408],[106.734,21.5448],[106.7269,21.5554],[106.709,21.5609],[106.6986,21.5726],[106.7027,21.5925],[106.6703,21.609],[106.6633,21.6047],[106.6449,21.607],[106.6368,21.6012],[106.615,21.608],[106.5928,21.598],[106.5727,21.6014],[106.5573,21.595],[106.5529,21.5835],[106.54,21.5672],[106.5274,21.5589],[106.5221,21.5354],[106.5069,21.5209],[106.5173,21.509],[106.5201,21.4964],[106.5095,21.4863],[106.4944,21.4828],[106.4826,21.4486],[106.473,21.4479],[106.4658,21.4368],[106.4525,21.4399],[106.4436,21.4362],[106.4387,21.4438],[106.433,21.438],[106.4176,21.4372],[106.4056,21.429],[106.4146,21.4174],[106.4159,21.4078],[106.395,21.4052],[106.3781,21.3936],[106.3673,21.3994],[106.3515,21.396],[106.3243,21.4094],[106.3332,21.4383],[106.3261,21.4481],[106.3145,21.4457],[106.3099,21.4517],[106.2946,21.4433],[106.283,21.4565],[106.287,21.466],[106.2827,21.4725],[106.2872,21.4905],[106.2732,21.4936],[106.2445,21.4818],[106.238,21.4945],[106.2098,21.4969],[106.1925,21.5056],[106.1759,21.508],[106.1675,21.5141],[106.1707,21.5499],[106.1671,21.5757],[106.1694,21.5953],[106.1853,21.604],[106.1741,21.6096],[106.1602,21.6265],[106.1263,21.6157],[106.099,21.625],[106.0787,21.6186],[106.0743,21.6113],[106.0569,21.6033],[106.049,21.5817],[106.033,21.5714],[106.0304,21.562],[106.0448,21.56],[106.0546,21.5508],[106.0533,21.5391],[106.0411,21.5166],[106.0458,21.5082],[106.0379,21.4903],[106.0476,21.4818],[106.0409,21.4725],[106.0509,21.4608],[106.046,21.4419],[106.0266,21.4366],[106.0335,21.4085],[106.0254,21.3915],[106.0196,21.4026],[105.9955,21.405],[105.9725,21.4199],[105.9646,21.4359],[105.9574,21.4299],[105.9529,21.4066],[105.941,21.3979],[105.9451,21.3896],[105.9408,21.3737],[105.909,21.374],[105.8984,21.3432],[105.8863,21.3454],[105.8815,21.3385],[105.8924,21.3261],[105.8994,21.3242],[105.8969,21.3095],[105.904,21.3023],[105.9177,21.3049],[105.9158,21.2965],[105.9316,21.293],[105.9233,21.2878],[105.9232,21.2694],[105.9391,21.2464],[105.9335,21.2454],[105.9195,21.231],[105.9067,21.2323],[105.9155,21.2084],[105.9071,21.1925],[105.9237,21.1827],[105.9172,21.1677],[105.9267,21.1445],[105.9156,21.119],[105.9302,21.112],[105.9403,21.0833],[105.958,21.0913],[105.9683,21.0721],[105.9937,21.0689],[105.9995,21.0744],[106.0201,21.0415],[106.0066,21.0286],[106.0009,21.0012]]]},"properties":{"ma_tinh":"24","ten_tinh":"Bắc Ninh","sap_nhap":"Bắc Ninh, Bắc Giang","quy_mo":"99 đơn vị (33 phường, 66 xã)","tru_so":"Số 82 Hùng Vương, Bắc Giang, Bắc Ninh","loai":"Tỉnh","cap":1,"stt":2,"dien_tich_km2":4718.61,"dan_so":2059480,"mat_do_km2":436.46,"lat":21.297915000000003,"lon":106.20970700000001,"GEOlayersRenamed":"Bắc Ninh"}},
{"type":"Feature","geometry":{"type":"MultiPolygon","coordinates":[[[[104.8368,9.5308],[104.8335,9.4875],[104.8297,9.376],[104.8253,9.3497],[104.8248,9.2912],[104.8221,9.2513],[104.8175,9.2184],[104.8083,9.1764],[104.8105,9.1742],[104.8128,9.1423],[104.812,9.103],[104.806,9.0443],[104.8118,9.0395],[104.8033,9.0213],[104.8057,8.9788],[104.805,8.9497],[104.7977,8.896],[104.7917,8.8733],[104.7943,8.8644],[104.7845,8.8415],[104.7807,8.8171],[104.7888,8.7946],[104.8115,8.7728],[104.8273,8.7767],[104.8968,8.8013],[104.8979,8.7912],[104.8841,8.7819],[104.874,8.7632],[104.8626,8.755],[104.8631,8.75],[104.8506,8.7413],[104.8336,8.7354],[104.8238,8.7358],[104.7957,8.723],[104.7874,8.7102],[104.782,8.6925],[104.7844,8.6831],[104.7945,8.673],[104.7897,8.6689],[104.7963,8.6601],[104.7808,8.6522],[104.7812,8.6457],[104.7669,8.6496],[104.7554,8.6454],[104.7357,8.6567],[104.7169,8.6482],[104.7123,8.634],[104.7175,8.6071],[104.7484,8.5923],[104.7956,8.5824],[104.8066,8.5783],[104.8046,8.5733],[104.8317,8.5628],[104.8469,8.5707],[104.8771,8.5725],[104.9141,8.5831],[104.9542,8.5884],[104.9825,8.6045],[105.0003,8.6009],[105.0554,8.6252],[105.0714,8.6274],[105.1044,8.6383],[105.1273,8.6609],[105.1237,8.6746],[105.1349,8.6878],[105.1374,8.6965],[105.1579,8.7125],[105.1831,8.7459],[105.219,8.7607],[105.2503,8.7667],[105.2768,8.7847],[105.2901,8.8019],[105.297,8.8059],[105.3073,8.8248],[105.3254,8.8358],[105.3475,8.8733],[105.3611,8.9039],[105.3672,8.9228],[105.3798,8.9421],[105.386,8.957],[105.3845,8.9697],[105.393,8.9957],[105.4056,9.0128],[105.4218,9.02],[105.464,9.0687],[105.4839,9.0847],[105.5087,9.1008],[105.5391,9.1179],[105.5824,9.1305],[105.5846,9.1349],[105.6154,9.1466],[105.6276,9.1544],[105.6424,9.1578],[105.6863,9.1805],[105.7519,9.2055],[105.8069,9.2364],[105.8273,9.2452],[105.8192,9.2726],[105.8259,9.2766],[105.8147,9.3315],[105.812,9.3393],[105.8487,9.3548],[105.8605,9.3641],[105.8418,9.4047],[105.8291,9.3903],[105.8214,9.3943],[105.8223,9.3856],[105.8135,9.3766],[105.7997,9.3745],[105.7855,9.3827],[105.7773,9.3936],[105.7859,9.4029],[105.7719,9.4114],[105.7611,9.4116],[105.7457,9.4061],[105.7376,9.3953],[105.7236,9.3903],[105.7097,9.3974],[105.7054,9.3779],[105.6852,9.3784],[105.6731,9.3908],[105.6539,9.3859],[105.6465,9.3952],[105.6367,9.3962],[105.641,9.4035],[105.6288,9.4187],[105.6119,9.4123],[105.5876,9.4236],[105.5805,9.4114],[105.5453,9.4506],[105.544,9.4711],[105.5532,9.5486],[105.5541,9.5701],[105.546,9.5863],[105.5318,9.5953],[105.5213,9.5946],[105.5112,9.5839],[105.503,9.5912],[105.4938,9.5908],[105.4893,9.5821],[105.4761,9.5843],[105.4699,9.597],[105.4619,9.5867],[105.4491,9.587],[105.4474,9.596],[105.4308,9.6008],[105.4178,9.5927],[105.4167,9.6015],[105.3988,9.598],[105.3956,9.5882],[105.3785,9.5861],[105.3737,9.5962],[105.3716,9.5891],[105.3535,9.5937],[105.339,9.6107],[105.3301,9.6],[105.3095,9.6072],[105.3028,9.629],[105.2922,9.6369],[105.2863,9.6253],[105.2889,9.6137],[105.2865,9.5996],[105.2967,9.583],[105.3119,9.5731],[105.3093,9.5555],[105.3239,9.5586],[105.3229,9.5439],[105.33,9.5275],[105.3198,9.5243],[105.3233,9.5164],[105.3106,9.5067],[105.2988,9.5044],[105.2938,9.4897],[105.2909,9.4616],[105.2945,9.4345],[105.3105,9.4165],[105.311,9.4069],[105.3191,9.3832],[105.2968,9.3912],[105.2948,9.3881],[105.2779,9.3987],[105.2621,9.3992],[105.137,9.4779],[105.121,9.487],[105.003,9.5585],[104.9926,9.539],[104.9723,9.5473],[104.963,9.5559],[104.9456,9.5328],[104.9165,9.5616],[104.8813,9.4941],[104.8539,9.5185],[104.8459,9.5293],[104.8368,9.5308]]],[[[104.8445,8.4415],[104.8388,8.4509],[104.8188,8.4275],[104.8246,8.4216],[104.8394,8.4274],[104.8369,8.4379],[104.8445,8.4415]]]]},"properties":{"ma_tinh":"96","ten_tinh":"Cà Mau","sap_nhap":"Cà Mau, Bạc Liêu","quy_mo":"64 đơn vị (9 phường, 55 xã)","tru_so":"Số 02 Hùng Vương, Tân Thành, Cà Mau","loai":"Tỉnh","cap":1,"stt":34,"dien_tich_km2":6310.45,"dan_so":1988464,"mat_do_km2":315.11,"lat":9.136544487503155,"lon":105.18621643516363,"GEOlayersRenamed":"Cà Mau"}},
{"type":"Feature","geometry":{"type":"Polygon","coordinates":[[[105.3737,9.5962],[105.3785,9.5861],[105.3956,9.5882],[105.3988,9.598],[105.4167,9.6015],[105.4178,9.5927],[105.4308,9.6008],[105.4474,9.596],[105.4491,9.587],[105.4619,9.5867],[105.4699,9.597],[105.4761,9.5843],[105.4893,9.5821],[105.4938,9.5908],[105.503,9.5912],[105.5112,9.5839],[105.5213,9.5946],[105.5318,9.5953],[105.546,9.5863],[105.5541,9.5701],[105.5532,9.5486],[105.544,9.4711],[105.5453,9.4506],[105.5805,9.4114],[105.5876,9.4236],[105.6119,9.4123],[105.6288,9.4187],[105.641,9.4035],[105.6367,9.3962],[105.6465,9.3952],[105.6539,9.3859],[105.6731,9.3908],[105.6852,9.3784],[105.7054,9.3779],[105.7097,9.3974],[105.7236,9.3903],[105.7376,9.3953],[105.7457,9.4061],[105.7611,9.4116],[105.7719,9.4114],[105.7859,9.4029],[105.7773,9.3936],[105.7855,9.3827],[105.7997,9.3745],[105.8135,9.3766],[105.8223,9.3856],[105.8214,9.3943],[105.8291,9.3903],[105.8418,9.4047],[105.8605,9.3641],[105.8487,9.3548],[105.812,9.3393],[105.8147,9.3315],[105.8259,9.2766],[105.8192,9.2726],[105.8273,9.2452],[105.8812,9.2668],[105.8964,9.2689],[105.9157,9.277],[105.9632,9.2865],[105.9768,9.294],[105.9873,9.294],[106.0276,9.3053],[106.0752,9.3252],[106.11,9.3287],[106.1336,9.3341],[106.1753,9.365],[106.1863,9.3798],[106.1881,9.4017],[106.186,9.4159],[106.1742,9.42],[106.1625,9.4152],[106.1833,9.4381],[106.2069,9.4567],[106.2121,9.5022],[106.2272,9.509],[106.2336,9.4931],[106.2485,9.4926],[106.2642,9.5038],[106.2771,9.521],[106.2894,9.5497],[106.2931,9.5665],[106.2895,9.5791],[106.2982,9.5885],[106.2733,9.6037],[106.2518,9.614],[106.216,9.6449],[106.1713,9.6872],[106.1268,9.7325],[106.1134,9.749],[106.0947,9.7639],[106.0748,9.7735],[106.0421,9.8115],[106.0268,9.8222],[106.0054,9.8462],[105.9944,9.868],[105.9595,9.9029],[105.9393,9.9155],[105.9216,9.9299],[105.9059,9.933],[105.8851,9.9461],[105.8535,9.9724],[105.8205,10.012],[105.8135,10.0302],[105.7823,10.0692],[105.7667,10.0773],[105.749,10.092],[105.7328,10.098],[105.7003,10.124],[105.6816,10.1348],[105.658,10.15],[105.6493,10.1623],[105.6268,10.1868],[105.6168,10.213],[105.6011,10.2376],[105.5711,10.2676],[105.5449,10.2905],[105.5107,10.3103],[105.4965,10.325],[105.4872,10.3238],[105.4771,10.3107],[105.4266,10.303],[105.4414,10.27],[105.3996,10.2538],[105.3362,10.2345],[105.312,10.2739],[105.3066,10.2689],[105.3015,10.277],[105.2889,10.2599],[105.2671,10.239],[105.2609,10.2459],[105.2531,10.2386],[105.2258,10.201],[105.2759,10.1608],[105.2982,10.1386],[105.3033,10.1437],[105.3106,10.1347],[105.3169,10.1413],[105.3526,10.1011],[105.3567,10.0813],[105.4026,10.0398],[105.45,9.9949],[105.5394,9.913],[105.5165,9.8631],[105.5209,9.8591],[105.4766,9.8326],[105.4555,9.8226],[105.4309,9.8162],[105.4351,9.7931],[105.4232,9.7855],[105.417,9.7748],[105.4111,9.7775],[105.4049,9.7696],[105.4071,9.7597],[105.4152,9.7548],[105.3938,9.7449],[105.3918,9.7368],[105.3749,9.7315],[105.3568,9.7126],[105.3284,9.6983],[105.3377,9.688],[105.3384,9.6769],[105.3527,9.6762],[105.3555,9.6694],[105.3723,9.6727],[105.3685,9.6623],[105.387,9.658],[105.3943,9.6601],[105.4066,9.6518],[105.4069,9.6435],[105.3991,9.6305],[105.3994,9.6222],[105.3903,9.6259],[105.3767,9.6161],[105.3737,9.5962]]]},"properties":{"ma_tinh":"92","ten_tinh":"Cần Thơ","sap_nhap":"Cần Thơ, Sóc Trăng, Hậu Giang","quy_mo":"103 đơn vị (31 phường, 72 xã)","tru_so":"Số 02 Hòa Bình, Ninh Kiều, Cần Thơ","loai":"Thành phố","cap":1,"stt":33,"dien_tich_km2":6360.82,"dan_so":4112487,"mat_do_km2":646.53,"lat":9.74170373268436,"lon":105.75918675111399,"GEOlayersRenamed":"Cần Thơ"}},
{"type":"Feature","geometry":{"type":"Polygon","coordinates":[[[105.5312,22.6333],[105.5389,22.6339],[105.5411,22.6495],[105.5506,22.6575],[105.5756,22.6642],[105.5815,22.6694],[105.6032,22.6674],[105.6011,22.6832],[105.6196,22.7025],[105.6233,22.6991],[105.6484,22.6987],[105.6487,22.704],[105.6635,22.723],[105.6735,22.7253],[105.6923,22.7183],[105.6967,22.7291],[105.7018,22.7205],[105.7096,22.7273],[105.7298,22.7252],[105.7404,22.7412],[105.7469,22.7295],[105.7578,22.7265],[105.7518,22.7127],[105.7624,22.6962],[105.7771,22.6921],[105.7736,22.6844],[105.7496,22.6647],[105.7402,22.6432],[105.7286,22.6389],[105.7281,22.631],[105.7391,22.6282],[105.7533,22.6086],[105.7456,22.595],[105.7548,22.5859],[105.766,22.5887],[105.7789,22.5724],[105.7675,22.5559],[105.7874,22.5503],[105.8043,22.5234],[105.8213,22.5203],[105.8332,22.5266],[105.8324,22.5175],[105.8417,22.5151],[105.8511,22.5203],[105.8649,22.5205],[105.8756,22.5142],[105.8994,22.5071],[105.9038,22.4956],[105.9181,22.5045],[105.9243,22.5221],[105.9332,22.5282],[105.947,22.5287],[105.9529,22.5226],[105.9659,22.5287],[105.9865,22.5446],[106.0031,22.5485],[106.0073,22.5555],[106.0379,22.562],[106.048,22.5782],[106.0666,22.5683],[106.0811,22.5737],[106.0821,22.5667],[106.0734,22.5546],[106.0865,22.5532],[106.0952,22.5471],[106.095,22.5278],[106.1019,22.5163],[106.1175,22.5124],[106.1187,22.4992],[106.1146,22.4827],[106.1197,22.472],[106.1044,22.4525],[106.0945,22.4459],[106.1016,22.4357],[106.0988,22.414],[106.1042,22.402],[106.1318,22.3993],[106.1396,22.3943],[106.148,22.4012],[106.1612,22.3815],[106.1843,22.3871],[106.1867,22.4002],[106.194,22.4077],[106.1924,22.4158],[106.2017,22.4326],[106.2216,22.4551],[106.2304,22.4545],[106.2397,22.4616],[106.2601,22.4504],[106.2774,22.4474],[106.288,22.427],[106.2985,22.4237],[106.3191,22.4075],[106.3287,22.413],[106.3323,22.4032],[106.3447,22.3907],[106.3412,22.3761],[106.3523,22.3626],[106.3631,22.3566],[106.3769,22.3589],[106.3968,22.3741],[106.4119,22.3707],[106.4231,22.3599],[106.4407,22.3633],[106.4514,22.3569],[106.4876,22.3681],[106.4891,22.3825],[106.4837,22.3901],[106.4924,22.3939],[106.4899,22.4007],[106.5041,22.4052],[106.516,22.3985],[106.5298,22.4075],[106.5354,22.4192],[106.5606,22.4225],[106.5678,22.4302],[106.5675,22.4411],[106.5591,22.4472],[106.5589,22.4653],[106.5728,22.4759],[106.5782,22.4692],[106.5822,22.4829],[106.582,22.5198],[106.5911,22.536],[106.5924,22.5509],[106.5996,22.5515],[106.6038,22.563],[106.601,22.5762],[106.6087,22.5803],[106.6045,22.588],[106.6112,22.605],[106.6307,22.6052],[106.634,22.5914],[106.6478,22.5774],[106.6632,22.5755],[106.678,22.5823],[106.6943,22.5839],[106.7088,22.5779],[106.7233,22.5879],[106.7315,22.6015],[106.7147,22.6146],[106.7293,22.6305],[106.7223,22.6379],[106.7329,22.6494],[106.7407,22.6699],[106.7577,22.675],[106.7606,22.6856],[106.7527,22.6922],[106.7784,22.7106],[106.7649,22.718],[106.7608,22.7297],[106.779,22.7515],[106.7881,22.7539],[106.7858,22.7671],[106.8179,22.7718],[106.8237,22.789],[106.8373,22.8029],[106.8182,22.8201],[106.8059,22.8211],[106.7853,22.814],[106.7795,22.8173],[106.7647,22.8117],[106.769,22.8264],[106.7532,22.8316],[106.7421,22.8441],[106.7199,22.8569],[106.7064,22.8684],[106.7178,22.8762],[106.7062,22.8889],[106.6917,22.8917],[106.6803,22.8866],[106.6694,22.893],[106.6666,22.876],[106.6528,22.8658],[106.6365,22.8771],[106.6399,22.8825],[106.6207,22.8965],[106.61,22.9093],[106.6051,22.9271],[106.5916,22.9338],[106.5672,22.9193],[106.5433,22.9285],[106.542,22.9423],[106.5293,22.9412],[106.5266,22.9482],[106.5128,22.9471],[106.499,22.9178],[106.501,22.9082],[106.486,22.902],[106.4743,22.9106],[106.472,22.9015],[106.4611,22.8959],[106.4469,22.9034],[106.4431,22.8921],[106.4328,22.8823],[106.4192,22.8932],[106.411,22.8878],[106.416,22.8763],[106.3901,22.8842],[106.3747,22.8842],[106.3639,22.8791],[106.3634,22.8667],[106.3574,22.8593],[106.3454,22.856],[106.326,22.8745],[106.3103,22.8641],[106.2911,22.8755],[106.288,22.8681],[106.2785,22.8696],[106.2564,22.8805],[106.2493,22.8937],[106.2653,22.9069],[106.2591,22.9204],[106.2485,22.9266],[106.2423,22.941],[106.2343,22.9431],[106.2374,22.9518],[106.2238,22.9588],[106.2001,22.987],[106.1847,22.9893],[106.1735,22.9835],[106.135,22.9969],[106.1178,22.9853],[106.1092,22.9909],[106.1,22.9868],[106.0963,22.9957],[106.0858,23.0006],[106.0559,22.9908],[106.0499,22.9942],[106.0184,22.9911],[106.0007,22.9918],[106.0068,22.9767],[106.0049,22.9535],[105.9979,22.941],[105.9568,22.9513],[105.9557,22.9404],[105.9391,22.9384],[105.9225,22.9469],[105.9094,22.9396],[105.8898,22.9393],[105.8827,22.9276],[105.8872,22.92],[105.8779,22.9166],[105.8696,22.925],[105.8721,22.9334],[105.8535,22.9452],[105.8461,22.9571],[105.855,22.97],[105.8417,22.9692],[105.8432,22.978],[105.8252,22.9966],[105.8156,22.9888],[105.8031,22.9913],[105.7802,23.0229],[105.7584,23.0287],[105.7476,23.0347],[105.7315,23.0362],[105.7299,23.0542],[105.7107,23.0715],[105.7118,23.0621],[105.6883,23.0627],[105.6647,23.0687],[105.6465,23.0811],[105.6326,23.08],[105.6275,23.0715],[105.6172,23.0685],[105.6076,23.0756],[105.5944,23.0763],[105.5835,23.0678],[105.5705,23.0738],[105.5601,23.088],[105.5633,23.0934],[105.5647,23.1193],[105.5513,23.1107],[105.5318,23.1114],[105.5178,23.0827],[105.5198,23.0744],[105.5086,23.061],[105.5039,23.0425],[105.4976,23.0392],[105.4877,23.0092],[105.4491,22.9991],[105.4416,23.0039],[105.4255,22.9991],[105.4185,23.0021],[105.4121,22.9951],[105.3746,22.9902],[105.3611,22.9796],[105.3647,22.9644],[105.3619,22.9396],[105.3575,22.9359],[105.3316,22.9323],[105.3223,22.9157],[105.3074,22.9122],[105.3069,22.8893],[105.3032,22.8763],[105.2818,22.8771],[105.2676,22.8814],[105.2657,22.8656],[105.2786,22.857],[105.3115,22.8511],[105.3252,22.8433],[105.3254,22.8348],[105.3455,22.8253],[105.3626,22.8248],[105.3686,22.8126],[105.3823,22.8124],[105.4177,22.7852],[105.4249,22.776],[105.447,22.7694],[105.4494,22.7595],[105.4704,22.7552],[105.4687,22.7495],[105.4786,22.738],[105.4753,22.7189],[105.5037,22.6948],[105.4945,22.691],[105.49,22.6697],[105.4976,22.6552],[105.5049,22.6509],[105.5139,22.6366],[105.5312,22.6333]]]},"properties":{"ma_tinh":"04","ten_tinh":"Cao Bằng","sap_nhap":"không sáp nhập","quy_mo":"56 đơn vị (3 phường, 53 xã)","tru_so":"Số 11 Hoàng Đình Giong, Thục Phán, Cao Bằng","loai":"Tỉnh","cap":1,"stt":7,"dien_tich_km2":6700.38,"dan_so":573119,"mat_do_km2":85.54,"lat":22.744235187939488,"lon":106.08566689434417,"GEOlayersRenamed":"Cao Bằng"}},
{"type":"Feature","geometry":{"type":"MultiPolygon","coordinates":[[[[107.624,15.4145],[107.6384,15.4151],[107.6602,15.3884],[107.6595,15.373],[107.6628,15.3547],[107.6689,15.3455],[107.6768,15.344],[107.6791,15.3345],[107.6916,15.3248],[107.6929,15.3175],[107.7079,15.303],[107.7304,15.308],[107.7279,15.3032],[107.7303,15.2705],[107.7352,15.2416],[107.7337,15.2317],[107.7466,15.2297],[107.7557,15.2367],[107.7683,15.2333],[107.7807,15.2191],[107.809,15.2118],[107.8181,15.2161],[107.83,15.2085],[107.8475,15.2068],[107.8549,15.2103],[107.8731,15.2098],[107.8801,15.1971],[107.8928,15.1949],[107.8995,15.2049],[107.9144,15.2119],[107.9281,15.2098],[107.9371,15.1906],[107.9471,15.1877],[107.9504,15.1751],[107.9821,15.1662],[107.9861,15.1595],[107.9999,15.1561],[108.0042,15.1405],[107.9984,15.1283],[108.0024,15.1222],[107.993,15.1104],[107.9887,15.0956],[107.9781,15.0822],[107.9762,15.0693],[107.9607,15.0633],[107.9502,15.0522],[107.9597,15.0429],[107.9568,15.0371],[107.9702,15.0149],[107.991,14.9991],[108.0036,15.0023],[108.0475,14.9923],[108.0604,14.9721],[108.0813,14.9663],[108.0923,14.9524],[108.1063,14.9513],[108.1178,14.9593],[108.149,14.9614],[108.1629,14.9753],[108.158,14.991],[108.1504,15.0025],[108.1491,15.0226],[108.153,15.0277],[108.1463,15.0457],[108.1595,15.0598],[108.1771,15.0602],[108.1998,15.0439],[108.2095,15.0338],[108.2244,15.0294],[108.2394,15.0323],[108.2383,15.0469],[108.242,15.0649],[108.235,15.0783],[108.2511,15.0843],[108.2574,15.0908],[108.2571,15.1151],[108.2632,15.1241],[108.275,15.1308],[108.2764,15.1422],[108.2837,15.1492],[108.295,15.1685],[108.3059,15.1745],[108.2997,15.1819],[108.3024,15.1926],[108.2913,15.1979],[108.3045,15.2098],[108.3054,15.2272],[108.286,15.2267],[108.2893,15.2342],[108.281,15.2437],[108.2917,15.2476],[108.3031,15.2587],[108.3062,15.268],[108.2994,15.2789],[108.3144,15.2984],[108.322,15.3019],[108.3643,15.2944],[108.3784,15.3033],[108.3924,15.2985],[108.4033,15.3008],[108.4066,15.3107],[108.4157,15.3065],[108.4341,15.3259],[108.4374,15.3134],[108.4506,15.31],[108.4859,15.3084],[108.4977,15.3221],[108.508,15.3261],[108.5267,15.3201],[108.5441,15.3346],[108.5591,15.3342],[108.5803,15.3453],[108.6027,15.3457],[108.6029,15.3526],[108.6282,15.3561],[108.6419,15.3679],[108.6551,15.3688],[108.6732,15.3648],[108.7189,15.3725],[108.7393,15.3986],[108.7074,15.4282],[108.6959,15.4434],[108.7017,15.4582],[108.6898,15.4856],[108.6778,15.4811],[108.6734,15.4916],[108.6824,15.506],[108.6744,15.5153],[108.6718,15.5034],[108.6593,15.4958],[108.6331,15.5048],[108.6143,15.5182],[108.5771,15.561],[108.5327,15.6193],[108.5048,15.6601],[108.4491,15.7481],[108.4247,15.7904],[108.4145,15.8135],[108.4046,15.8513],[108.4053,15.8671],[108.3894,15.8681],[108.3901,15.8811],[108.3761,15.8925],[108.3305,15.9212],[108.3081,15.9417],[108.2904,15.9656],[108.2707,16.0017],[108.2497,16.0496],[108.2467,16.0737],[108.2528,16.0953],[108.2637,16.1021],[108.2678,16.0955],[108.2796,16.0973],[108.2918,16.1057],[108.3099,16.0981],[108.3114,16.1122],[108.3208,16.1167],[108.3384,16.1178],[108.324,16.1407],[108.3123,16.1404],[108.3105,16.1257],[108.3002,16.125],[108.2831,16.1378],[108.275,16.1332],[108.2572,16.1535],[108.2458,16.1548],[108.2301,16.1491],[108.2317,16.1424],[108.2205,16.1246],[108.2137,16.1224],[108.2219,16.0959],[108.2071,16.0889],[108.2013,16.074],[108.186,16.0742],[108.1706,16.0796],[108.151,16.0919],[108.1317,16.1129],[108.1232,16.1309],[108.1266,16.1425],[108.1396,16.1464],[108.137,16.1593],[108.1424,16.1647],[108.1535,16.1615],[108.1527,16.1808],[108.1561,16.1906],[108.1729,16.1935],[108.179,16.2001],[108.1944,16.1994],[108.1949,16.2098],[108.1711,16.2013],[108.1562,16.2057],[108.1558,16.2004],[108.1437,16.199],[108.1247,16.183],[108.111,16.1821],[108.1005,16.1871],[108.0915,16.1803],[108.0642,16.1841],[108.0597,16.1792],[108.0398,16.19],[108.0143,16.1946],[108.0069,16.204],[107.9882,16.2142],[107.9697,16.1942],[107.956,16.1892],[107.9296,16.1975],[107.9135,16.2145],[107.9048,16.2137],[107.8882,16.2004],[107.8756,16.1969],[107.8773,16.19],[107.8674,16.1829],[107.8764,16.1693],[107.8735,16.1579],[107.8587,16.1524],[107.8602,16.1352],[107.8544,16.1224],[107.8562,16.1144],[107.8373,16.1013],[107.8269,16.09],[107.8216,16.0778],[107.8243,16.0693],[107.8157,16.0532],[107.8085,16.0532],[107.7871,16.0679],[107.7816,16.0624],[107.7739,16.0669],[107.7695,16.0512],[107.7573,16.0434],[107.7438,16.0415],[107.7256,16.0275],[107.7246,16.0081],[107.7076,15.9954],[107.696,15.9947],[107.677,15.9991],[107.6722,16.0119],[107.6641,16.0187],[107.651,16.0192],[107.641,16.0271],[107.6202,16.0342],[107.6261,16.0493],[107.6197,16.0641],[107.5958,16.0562],[107.5719,16.0557],[107.5522,16.0418],[107.5602,16.0314],[107.5604,16.0219],[107.5498,16.0113],[107.5128,16.0161],[107.4962,16.0391],[107.4866,16.0409],[107.4678,16.0253],[107.4556,15.9991],[107.4438,15.9877],[107.4473,15.9826],[107.435,15.9609],[107.4284,15.9308],[107.4198,15.9266],[107.4152,15.9121],[107.4104,15.9108],[107.3991,15.8942],[107.3851,15.8867],[107.3715,15.8979],[107.3622,15.8916],[107.3478,15.8939],[107.319,15.8842],[107.3027,15.8659],[107.2899,15.8657],[107.2832,15.8578],[107.2757,15.8616],[107.2696,15.8511],[107.256,15.8476],[107.2482,15.8385],[107.2336,15.8436],[107.2314,15.8377],[107.2108,15.8257],[107.2164,15.8226],[107.2261,15.8057],[107.2299,15.7834],[107.219,15.7765],[107.217,15.7597],[107.2112,15.7543],[107.2136,15.7387],[107.2231,15.7429],[107.2482,15.7449],[107.2544,15.7385],[107.2497,15.7316],[107.2525,15.7217],[107.2666,15.7205],[107.2663,15.7121],[107.2766,15.7049],[107.2763,15.6839],[107.2672,15.6705],[107.2648,15.6544],[107.2777,15.6524],[107.2756,15.6352],[107.2921,15.6232],[107.3165,15.6264],[107.3364,15.6209],[107.3433,15.6142],[107.3417,15.6035],[107.3536,15.5919],[107.3426,15.5776],[107.3531,15.569],[107.3647,15.5703],[107.3646,15.5477],[107.3724,15.5377],[107.3782,15.5178],[107.3819,15.4935],[107.4141,15.4952],[107.4316,15.4917],[107.4304,15.4998],[107.454,15.5036],[107.4706,15.4987],[107.4825,15.4876],[107.481,15.477],[107.4954,15.4786],[107.5139,15.4729],[107.5272,15.4422],[107.5185,15.4161],[107.5309,15.4052],[107.5464,15.4053],[107.561,15.3944],[107.5747,15.3998],[107.6033,15.4213],[107.624,15.4145]]],[[[111.6896,16.5754],[111.6795,16.5827],[111.6575,16.5749],[111.6365,16.56],[111.6161,16.5544],[111.6075,16.5465],[111.592,16.5416],[111.5944,16.5338],[111.6048,16.5266],[111.6231,16.5316],[111.6433,16.5266],[111.6468,16.5318],[111.6444,16.5471],[111.6667,16.5522],[111.6797,16.5444],[111.6729,16.5266],[111.6883,16.5096],[111.6858,16.4964],[111.6931,16.4912],[111.7071,16.5019],[111.7194,16.5015],[111.7186,16.4748],[111.7273,16.4658],[111.7307,16.4503],[111.7378,16.4507],[111.7598,16.4644],[111.7842,16.5041],[111.7836,16.5146],[111.7684,16.5387],[111.7405,16.5562],[111.7207,16.5579],[111.7014,16.5736],[111.6896,16.5754]]],[[[112.4583,16.3932],[112.4441,16.3911],[112.4237,16.3604],[112.3985,16.3401],[112.3489,16.3184],[112.3317,16.3068],[112.3304,16.2911],[112.3535,16.2859],[112.3997,16.2921],[112.4432,16.3009],[112.4778,16.3127],[112.4886,16.3219],[112.4937,16.3446],[112.4886,16.364],[112.4744,16.3817],[112.4583,16.3932]]],[[[112.7265,16.6957],[112.7178,16.6945],[112.7015,16.6818],[112.7146,16.6663],[112.7241,16.6613],[112.7311,16.6276],[112.7466,16.6164],[112.7488,16.6022],[112.7608,16.5965],[112.7598,16.5759],[112.7622,16.5481],[112.7598,16.5359],[112.7505,16.5273],[112.7361,16.5216],[112.7201,16.5037],[112.706,16.467],[112.6889,16.4345],[112.692,16.4258],[112.7079,16.4279],[112.7194,16.4352],[112.7358,16.451],[112.7489,16.4695],[112.7615,16.4954],[112.774,16.5289],[112.7772,16.5478],[112.7759,16.6013],[112.7618,16.6291],[112.7578,16.6525],[112.7355,16.6788],[112.7322,16.6944],[112.7265,16.6957]]],[[[112.4948,16.0111],[112.5,16.0149],[112.5345,16.0237],[112.5508,16.0337],[112.571,16.0537],[112.5949,16.0693],[112.5903,16.0805],[112.5696,16.0808],[112.5,16.0586],[112.4758,16.0551],[112.4517,16.0462],[112.4425,16.0393],[112.4397,16.0258],[112.4446,16.0159],[112.457,16.0087],[112.4743,16.0077],[112.4948,16.0111]]],[[[112.2774,16.999],[112.253,17.0068],[112.2321,17.007],[112.193,16.9909],[112.1862,16.977],[112.2061,16.9609],[112.2324,16.9692],[112.2534,16.9683],[112.2704,16.9706],[112.2862,16.9567],[112.308,16.9553],[112.3069,16.9458],[112.3183,16.9436],[112.3231,16.9261],[112.3193,16.913],[112.3265,16.9036],[112.3435,16.9061],[112.3453,16.918],[112.3541,16.9164],[112.3596,16.9248],[112.3463,16.9344],[112.336,16.9536],[112.3066,16.9726],[112.2774,16.999]]],[[[111.7598,16.2172],[111.7855,16.2278],[111.8028,16.2439],[111.8086,16.2528],[111.8048,16.2741],[111.7885,16.2912],[111.7589,16.2945],[111.7287,16.2894],[111.7055,16.2887],[111.6914,16.2916],[111.6574,16.2873],[111.635,16.2759],[111.5776,16.2362],[111.5681,16.2268],[111.5738,16.2235],[111.6158,16.2537],[111.6466,16.2686],[111.6669,16.2844],[111.71,16.2783],[111.7412,16.2816],[111.7704,16.2796],[111.7844,16.2687],[111.7874,16.2566],[111.7837,16.2425],[111.7673,16.2284],[111.7428,16.2207],[111.7258,16.2249],[111.7207,16.2208],[111.738,16.2135],[111.7598,16.2172]]],[[[111.9728,16.3248],[111.9804,16.3248],[112.0234,16.3397],[112.0688,16.331],[112.0813,16.3396],[112.0806,16.3513],[112.0634,16.3593],[112.0312,16.3675],[112.0054,16.3665],[111.9792,16.3596],[111.957,16.344],[111.9468,16.3314],[111.9477,16.3214],[111.9728,16.3248]]],[[[111.4825,17.068],[111.5252,17.0845],[111.5403,17.0932],[111.5602,17.0968],[111.5602,17.1058],[111.5405,17.1187],[111.5189,17.1208],[111.5016,17.118],[111.4615,17.1033],[111.4514,17.088],[111.461,17.075],[111.4825,17.068]]],[[[112.3556,16.8535],[112.3476,16.8576],[112.3226,16.8568],[112.3125,16.8487],[112.3116,16.8361],[112.3191,16.8225],[112.3374,16.8217],[112.3436,16.8091],[112.3618,16.7985],[112.3663,16.7871],[112.3749,16.7915],[112.3791,16.8132],[112.3762,16.8425],[112.3715,16.8482],[112.3556,16.8535]]],[[[111.5971,16.5059],[111.5922,16.525],[111.5838,16.5224],[111.5805,16.5093],[111.5852,16.5004],[111.5777,16.4939],[111.569,16.4747],[111.5733,16.454],[111.5791,16.4484],[111.5998,16.4435],[111.6255,16.4467],[111.6284,16.4545],[111.6092,16.4697],[111.5948,16.4921],[111.5971,16.5059]]],[[[111.5557,16.1919],[111.5709,16.1829],[111.5909,16.1814],[111.6297,16.2],[111.6482,16.2161],[111.6838,16.2215],[111.6859,16.2281],[111.6462,16.2207],[111.6336,16.2153],[111.6121,16.1975],[111.5872,16.1917],[111.5688,16.199],[111.5728,16.2169],[111.5635,16.2212],[111.5566,16.206],[111.5557,16.1919]]],[[[108.5361,15.9581],[108.5116,15.9653],[108.5106,15.9738],[108.5026,15.9789],[108.4843,15.9666],[108.4931,15.956],[108.5075,15.9573],[108.5082,15.9444],[108.5283,15.9327],[108.535,15.9226],[108.5407,15.9372],[108.5361,15.9581]]],[[[112.5606,16.3767],[112.5522,16.3826],[112.536,16.3791],[112.523,16.3537],[112.5259,16.339],[112.5401,16.3387],[112.5524,16.355],[112.5606,16.3767]]],[[[112.2061,16.7836],[112.2096,16.7661],[112.2208,16.7603],[112.2329,16.7596],[112.2386,16.7705],[112.2241,16.7873],[112.2071,16.7999],[112.201,16.7924],[112.2061,16.7836]]],[[[111.7173,16.5924],[111.7076,16.5954],[111.693,16.5884],[111.7224,16.5635],[111.7282,16.5678],[111.724,16.584],[111.7173,16.5924]]],[[[112.6479,16.4214],[112.6359,16.4292],[112.6171,16.4319],[112.6126,16.4273],[112.6169,16.417],[112.6281,16.4101],[112.6496,16.414],[112.6479,16.4214]]],[[[112.6797,16.3316],[112.6672,16.3264],[112.6731,16.3199],[112.689,16.3145],[112.7049,16.316],[112.7058,16.3216],[112.6797,16.3316]]],[[[112.5546,16.5298],[112.5306,16.5275],[112.5275,16.5172],[112.554,16.5203],[112.5546,16.5298]]],[[[112.6404,16.5974],[112.6226,16.5946],[112.6171,16.5893],[112.6438,16.5929],[112.6404,16.5974]]],[[[108.21,16.222],[108.2035,16.2257],[108.1993,16.2126],[108.2067,16.2101],[108.21,16.222]]],[[[108.4435,15.9739],[108.4476,15.967],[108.4526,15.9755],[108.4435,15.9739]]],[[[108.4761,15.9439],[108.4794,15.9376],[108.4856,15.9473],[108.4761,15.9439]]]]},"properties":{"ma_tinh":"48","ten_tinh":"Đà Nẵng","sap_nhap":"Đà Nẵng, Quảng Nam","quy_mo":"94 đơn vị (23 phường, 70 xã và 1 đặc khu Hoàng Sa)","tru_so":"Số 24 Trần Phú, Hải Châu, Đà Nẵng","loai":"Thành phố","cap":1,"stt":21,"dien_tich_km2":11913.08,"dan_so":3122915,"mat_do_km2":262.14,"lat":15.630195780332528,"lon":107.9677536150527,"GEOlayersRenamed":"Đà Nẵng"}},
{"type":"Feature","geometry":{"type":"MultiPolygon","coordinates":[[[[107.5604,12.7954],[107.5757,12.7979],[107.5927,12.7961],[107.6018,12.8016],[107.6078,12.7951],[107.629,12.803],[107.643,12.7958],[107.6611,12.7985],[107.6787,12.7916],[107.7251,12.7851],[107.7317,12.781],[107.7433,12.7846],[107.7617,12.7785],[107.8025,12.7799],[107.8181,12.7896],[107.824,12.802],[107.8496,12.8117],[107.8636,12.7981],[107.8545,12.7828],[107.8559,12.7626],[107.868,12.7513],[107.8924,12.7526],[107.906,12.746],[107.9118,12.7368],[107.8994,12.7247],[107.8957,12.7113],[107.9119,12.6942],[107.9065,12.6811],[107.9071,12.6703],[107.9147,12.6588],[107.9044,12.6517],[107.9212,12.6429],[107.9204,12.6202],[107.9291,12.616],[107.9288,12.601],[107.9341,12.5872],[107.9282,12.5809],[107.9085,12.5756],[107.8933,12.5649],[107.8954,12.5525],[107.8881,12.5476],[107.9101,12.5254],[107.915,12.529],[107.9425,12.5258],[107.9727,12.5091],[107.9795,12.4966],[107.9917,12.4921],[108.0015,12.477],[107.9854,12.4466],[107.9666,12.4365],[107.9455,12.4406],[107.9309,12.4239],[107.9225,12.4279],[107.9215,12.4131],[107.9124,12.4003],[107.9347,12.3676],[107.9335,12.3449],[107.9445,12.3348],[107.9435,12.3289],[107.9539,12.3179],[107.974,12.3071],[107.9739,12.2966],[107.9984,12.3045],[108.0035,12.2966],[108.015,12.3031],[108.0197,12.2903],[108.0398,12.289],[108.0421,12.2681],[108.0625,12.2644],[108.0742,12.2547],[108.0839,12.2388],[108.0854,12.2261],[108.0966,12.2109],[108.1106,12.1999],[108.1134,12.1837],[108.1237,12.1755],[108.1672,12.1953],[108.1721,12.1803],[108.1781,12.1855],[108.185,12.1743],[108.1956,12.1766],[108.2047,12.1707],[108.2163,12.1839],[108.2241,12.1724],[108.226,12.1824],[108.2381,12.1759],[108.2395,12.1621],[108.254,12.1733],[108.2487,12.177],[108.2593,12.1995],[108.2728,12.2052],[108.2779,12.2144],[108.2949,12.2083],[108.2968,12.2025],[108.3121,12.2184],[108.3317,12.2308],[108.3359,12.2481],[108.3419,12.2453],[108.3567,12.255],[108.3709,12.2534],[108.3874,12.241],[108.4127,12.2436],[108.4366,12.2559],[108.4463,12.2727],[108.4588,12.2827],[108.4664,12.2835],[108.4653,12.2966],[108.4719,12.2879],[108.4745,12.2994],[108.4908,12.3065],[108.4996,12.2923],[108.4985,12.2864],[108.5101,12.2771],[108.5314,12.2792],[108.5393,12.2842],[108.536,12.2905],[108.5453,12.2972],[108.5505,12.2922],[108.569,12.2955],[108.579,12.2855],[108.5962,12.2768],[108.6078,12.2833],[108.6179,12.2835],[108.6382,12.2936],[108.668,12.3006],[108.68,12.3162],[108.6852,12.3229],[108.6768,12.3482],[108.6893,12.3737],[108.6833,12.3792],[108.6859,12.3883],[108.6728,12.4018],[108.6796,12.4148],[108.6693,12.4225],[108.6728,12.4319],[108.6866,12.4497],[108.6991,12.4612],[108.6995,12.4719],[108.7155,12.4839],[108.7389,12.4759],[108.7483,12.4804],[108.7506,12.4975],[108.7636,12.4979],[108.7785,12.5056],[108.7918,12.4998],[108.7992,12.4812],[108.8089,12.4853],[108.8194,12.4755],[108.8346,12.4693],[108.8639,12.453],[108.8787,12.4801],[108.8606,12.4954],[108.8781,12.5142],[108.8727,12.5254],[108.8802,12.5385],[108.8929,12.5499],[108.8923,12.5801],[108.9005,12.5822],[108.9191,12.6001],[108.906,12.6214],[108.8963,12.625],[108.9081,12.639],[108.9261,12.6401],[108.9409,12.6473],[108.9375,12.6599],[108.9555,12.6872],[108.9782,12.6821],[108.9893,12.6928],[108.9866,12.7039],[109.0087,12.7191],[109.0196,12.723],[109.0146,12.7279],[109.0248,12.7362],[109.0382,12.7367],[109.0372,12.744],[109.0487,12.7476],[109.0592,12.7442],[109.0681,12.7536],[109.0844,12.7431],[109.0928,12.7516],[109.0917,12.7635],[109.1234,12.7981],[109.1312,12.7863],[109.1451,12.782],[109.1507,12.7972],[109.1664,12.8267],[109.1987,12.8297],[109.2145,12.8275],[109.2194,12.8168],[109.2302,12.8147],[109.2527,12.8334],[109.2546,12.8382],[109.2836,12.8329],[109.2999,12.8417],[109.3119,12.8433],[109.32,12.8359],[109.3303,12.8499],[109.3406,12.8477],[109.3492,12.8572],[109.3617,12.8598],[109.3655,12.869],[109.3882,12.8427],[109.4032,12.8592],[109.4007,12.8662],[109.4216,12.8731],[109.43,12.8814],[109.4379,12.8803],[109.4381,12.8696],[109.42,12.8497],[109.4267,12.8467],[109.4383,12.8569],[109.4537,12.8622],[109.4515,12.8785],[109.4578,12.8806],[109.4545,12.89],[109.4585,12.8976],[109.4514,12.8996],[109.4559,12.9125],[109.4454,12.9159],[109.4289,12.9394],[109.4289,12.9476],[109.4079,12.9689],[109.3746,13.0106],[109.3615,13.0306],[109.3352,13.0785],[109.3001,13.1284],[109.2922,13.1572],[109.2968,13.1789],[109.3037,13.189],[109.2985,13.1949],[109.2933,13.2171],[109.3048,13.2307],[109.3042,13.251],[109.3155,13.2547],[109.3096,13.2757],[109.298,13.2873],[109.2836,13.3171],[109.2836,13.3302],[109.2888,13.3367],[109.2988,13.3349],[109.2917,13.3466],[109.294,13.3643],[109.2695,13.3642],[109.2656,13.3571],[109.2554,13.3603],[109.2464,13.3751],[109.2445,13.3886],[109.236,13.3932],[109.2229,13.3892],[109.2168,13.3945],[109.2275,13.3969],[109.2306,13.4132],[109.2194,13.4156],[109.2273,13.4262],[109.2224,13.4418],[109.224,13.4593],[109.2335,13.4722],[109.2291,13.4802],[109.2428,13.4857],[109.2438,13.4926],[109.2514,13.4821],[109.2669,13.4776],[109.2811,13.4617],[109.293,13.455],[109.2714,13.433],[109.2589,13.4263],[109.2682,13.4123],[109.2917,13.417],[109.2982,13.4046],[109.3024,13.416],[109.3094,13.4175],[109.3101,13.438],[109.3198,13.4443],[109.3166,13.4594],[109.3224,13.4654],[109.3301,13.4624],[109.327,13.4733],[109.3144,13.4643],[109.306,13.4662],[109.2943,13.48],[109.2877,13.4972],[109.2901,13.5072],[109.3018,13.5194],[109.2785,13.5345],[109.2764,13.545],[109.2808,13.5573],[109.2903,13.5619],[109.2963,13.5719],[109.2743,13.576],[109.2497,13.5989],[109.2327,13.6257],[109.2259,13.6412],[109.2327,13.6529],[109.2338,13.6709],[109.2183,13.6816],[109.2082,13.6807],[109.2033,13.6936],[109.1913,13.6941],[109.183,13.6837],[109.1562,13.6784],[109.157,13.6689],[109.1511,13.6552],[109.1527,13.634],[109.1449,13.6304],[109.1223,13.6442],[109.1188,13.635],[109.1264,13.6202],[109.1152,13.6145],[109.1181,13.6036],[109.1114,13.5875],[109.0843,13.5671],[109.053,13.5693],[109.0415,13.5491],[109.0343,13.5453],[109.0317,13.5339],[109.0175,13.5258],[108.999,13.5227],[108.9811,13.526],[108.9488,13.5265],[108.924,13.5369],[108.9224,13.5402],[108.8963,13.5412],[108.8892,13.5371],[108.8673,13.5349],[108.86,13.5445],[108.8514,13.5678],[108.8444,13.5642],[108.8268,13.5651],[108.8144,13.577],[108.7846,13.5772],[108.7684,13.5619],[108.7487,13.5663],[108.7475,13.555],[108.7391,13.5568],[108.7322,13.5396],[108.7331,13.5288],[108.7274,13.5195],[108.7137,13.5167],[108.7129,13.5009],[108.7029,13.4862],[108.7151,13.474],[108.7135,13.4638],[108.7272,13.4636],[108.7437,13.457],[108.7521,13.4638],[108.7575,13.4595],[108.7726,13.4666],[108.796,13.4679],[108.79,13.4532],[108.7962,13.4519],[108.806,13.4342],[108.8048,13.4186],[108.8077,13.3933],[108.805,13.3895],[108.8084,13.3573],[108.8273,13.3401],[108.8395,13.3251],[108.8522,13.2973],[108.86,13.2879],[108.8682,13.2886],[108.8731,13.2797],[108.8681,13.2612],[108.8704,13.2466],[108.8647,13.2253],[108.8501,13.2177],[108.8475,13.2044],[108.8551,13.1942],[108.8498,13.1818],[108.8385,13.1704],[108.8424,13.1645],[108.8298,13.1651],[108.8232,13.1531],[108.8135,13.1588],[108.7967,13.1518],[108.7961,13.1414],[108.7759,13.1459],[108.7776,13.138],[108.7616,13.1337],[108.7605,13.1252],[108.769,13.121],[108.7601,13.1153],[108.7507,13.0918],[108.7565,13.0327],[108.7138,13.0176],[108.6929,13.0167],[108.6819,12.999],[108.6754,12.996],[108.6638,13.0033],[108.6578,12.9992],[108.6453,13.0108],[108.6143,13.0076],[108.6058,13.0195],[108.5996,13.0186],[108.592,13.0296],[108.5778,13.0283],[108.5686,13.0196],[108.5295,13.0345],[108.5141,13.0332],[108.5112,13.046],[108.5212,13.0634],[108.5093,13.0801],[108.5005,13.0843],[108.4884,13.0988],[108.4931,13.1062],[108.4728,13.1184],[108.4654,13.1172],[108.4576,13.1257],[108.4676,13.1357],[108.4608,13.156],[108.4639,13.1624],[108.4369,13.18],[108.4234,13.1983],[108.4163,13.2214],[108.4221,13.2265],[108.4208,13.2417],[108.4107,13.2478],[108.4052,13.2605],[108.3968,13.2555],[108.3868,13.2575],[108.3765,13.2672],[108.3693,13.3014],[108.3614,13.3154],[108.3568,13.3146],[108.3536,13.3291],[108.3209,13.3455],[108.3126,13.3427],[108.2965,13.3506],[108.2886,13.3503],[108.2817,13.3605],[108.2636,13.3722],[108.2422,13.368],[108.2376,13.3736],[108.2131,13.3682],[108.2092,13.3766],[108.1776,13.3838],[108.1623,13.4006],[108.1496,13.4015],[108.1437,13.4077],[108.1262,13.4092],[108.112,13.4166],[108.1065,13.4116],[108.0896,13.4091],[108.0813,13.4004],[108.073,13.3994],[108.0684,13.4098],[108.0571,13.4075],[108.0538,13.4123],[108.0413,13.3995],[108.0361,13.4029],[108.0225,13.3879],[108.0091,13.3811],[107.9963,13.3906],[107.9826,13.3928],[107.9809,13.3838],[107.9636,13.3799],[107.9545,13.3849],[107.9428,13.3736],[107.9327,13.3757],[107.9229,13.3852],[107.9012,13.3886],[107.8865,13.3847],[107.8756,13.3941],[107.851,13.3896],[107.8389,13.4005],[107.8196,13.3925],[107.802,13.394],[107.7998,13.3824],[107.7678,13.3692],[107.7521,13.3698],[107.7507,13.3644],[107.7299,13.3661],[107.7175,13.3741],[107.7041,13.375],[107.6756,13.358],[107.6705,13.3495],[107.6625,13.3502],[107.6497,13.3422],[107.6497,13.3263],[107.6401,13.3288],[107.6301,13.3164],[107.6067,13.3045],[107.5821,13.249],[107.4931,13.0432],[107.4896,13.0333],[107.4946,13.0226],[107.4911,13.0011],[107.4981,12.9982],[107.4964,12.9881],[107.5035,12.9738],[107.4867,12.9684],[107.4849,12.9427],[107.4931,12.937],[107.4926,12.9271],[107.5022,12.9156],[107.4914,12.8982],[107.4966,12.893],[107.4986,12.8776],[107.5107,12.8698],[107.5114,12.8574],[107.521,12.8543],[107.5272,12.8397],[107.5409,12.8348],[107.5466,12.8216],[107.5545,12.8173],[107.5522,12.8073],[107.5604,12.7954]]],[[[109.3347,13.2858],[109.3284,13.2868],[109.3308,13.2762],[109.3435,13.2804],[109.3347,13.2858]]]]},"properties":{"ma_tinh":"66","ten_tinh":"Đắk Lắk","sap_nhap":"Đắk Lắk, Phú Yên","quy_mo":"102 đơn vị (14 phường, 88 xã)","tru_so":"Số 9 Lê Duẩn, Buôn Ma Thuột, Đắk Lắk","loai":"Tỉnh","cap":1,"stt":25,"dien_tich_km2":18096.37,"dan_so":3346853,"mat_do_km2":184.95,"lat":12.9279215,"lon":108.25155550000001,"GEOlayersRenamed":"Đắk Lắk"}},
{"type":"Feature","geometry":{"type":"Polygon","coordinates":[[[102.3218,22.5482],[102.3015,22.5332],[102.288,22.5046],[102.2781,22.4985],[102.2747,22.479],[102.2653,22.4782],[102.2624,22.4654],[102.2492,22.4625],[102.2684,22.4239],[102.2625,22.4138],[102.2373,22.4279],[102.2227,22.4254],[102.2121,22.4316],[102.2069,22.4273],[102.1858,22.4348],[102.1705,22.4284],[102.1595,22.4302],[102.1439,22.4006],[102.1483,22.39],[102.1591,22.3848],[102.171,22.3714],[102.1627,22.3613],[102.1771,22.339],[102.1858,22.3416],[102.1962,22.3362],[102.1783,22.3176],[102.1777,22.3045],[102.1905,22.3025],[102.217,22.2857],[102.2345,22.2827],[102.232,22.2657],[102.2424,22.2544],[102.2407,22.2386],[102.2622,22.2337],[102.2737,22.2347],[102.2802,22.2056],[102.3089,22.208],[102.3214,22.2029],[102.3345,22.188],[102.3341,22.1695],[102.345,22.1631],[102.3597,22.1668],[102.3842,22.1494],[102.3845,22.1297],[102.3904,22.1264],[102.408,22.128],[102.4218,22.116],[102.4347,22.1166],[102.4407,22.0988],[102.4377,22.0915],[102.446,22.0841],[102.4414,22.0743],[102.4586,22.0696],[102.4951,22.0336],[102.5089,22.0368],[102.5212,22.0244],[102.5075,22.0139],[102.4929,22.0142],[102.4875,21.9972],[102.5143,21.9657],[102.5218,21.9664],[102.5375,21.9588],[102.5838,21.9287],[102.6129,21.9199],[102.6211,21.9015],[102.6132,21.8822],[102.6139,21.8727],[102.6295,21.8692],[102.6335,21.8614],[102.6452,21.859],[102.6419,21.8483],[102.651,21.826],[102.6483,21.8072],[102.6622,21.792],[102.6565,21.7736],[102.6482,21.7594],[102.6482,21.7351],[102.6673,21.6854],[102.6629,21.6824],[102.6787,21.6539],[102.6875,21.6614],[102.7096,21.6646],[102.732,21.6638],[102.7406,21.6593],[102.7623,21.6748],[102.7708,21.69],[102.7887,21.7068],[102.7992,21.7077],[102.8114,21.7193],[102.8148,21.7318],[102.8269,21.7356],[102.8201,21.7621],[102.8207,21.7776],[102.8147,21.7911],[102.8188,21.8064],[102.8104,21.8194],[102.8172,21.8398],[102.8434,21.8466],[102.8521,21.84],[102.8548,21.8099],[102.8597,21.7984],[102.8543,21.7881],[102.8592,21.7829],[102.8556,21.7698],[102.8615,21.7664],[102.8608,21.7545],[102.8544,21.7397],[102.8565,21.7212],[102.87,21.7131],[102.8776,21.7022],[102.8862,21.7125],[102.907,21.7172],[102.9257,21.7251],[102.9548,21.7285],[102.9644,21.7434],[102.9747,21.7449],[102.9775,21.7348],[102.9884,21.7204],[102.9891,21.7062],[102.9784,21.6966],[102.9899,21.6845],[102.9801,21.6577],[102.9828,21.6361],[102.9899,21.6227],[102.9848,21.6061],[102.9911,21.6027],[102.9914,21.5851],[102.9782,21.571],[102.9696,21.567],[102.9588,21.5531],[102.9614,21.5461],[102.9319,21.5239],[102.9136,21.5036],[102.9094,21.4815],[102.9026,21.477],[102.8901,21.4789],[102.8849,21.4633],[102.8866,21.4531],[102.8772,21.4455],[102.8789,21.4398],[102.8693,21.4288],[102.8737,21.4241],[102.8903,21.4283],[102.8933,21.4334],[102.9136,21.4376],[102.914,21.4451],[102.9251,21.4567],[102.9426,21.4562],[102.9317,21.4462],[102.9181,21.415],[102.9192,21.4066],[102.909,21.3946],[102.8962,21.3865],[102.8989,21.3661],[102.8937,21.3588],[102.8893,21.3321],[102.9002,21.3173],[102.8975,21.3051],[102.884,21.2995],[102.8527,21.2999],[102.8494,21.2904],[102.8407,21.2911],[102.839,21.2824],[102.8151,21.2708],[102.8079,21.2631],[102.8243,21.2455],[102.8419,21.2475],[102.8631,21.2574],[102.8918,21.2465],[102.9037,21.2318],[102.9098,21.231],[102.9088,21.1963],[102.9034,21.1899],[102.9087,21.1817],[102.9026,21.1662],[102.9223,21.1561],[102.9279,21.1627],[102.9366,21.1557],[102.9492,21.138],[102.9394,21.1289],[102.9614,21.1131],[102.9675,21.0909],[102.9612,21.0804],[102.9742,21.0656],[102.9952,21.0631],[103.0012,21.059],[103.0135,21.0647],[103.0251,21.0578],[103.034,21.0582],[103.0381,21.0399],[103.0495,21.0274],[103.0607,20.9985],[103.0699,20.9919],[103.0707,20.9806],[103.0839,20.971],[103.0832,20.944],[103.0946,20.9341],[103.1009,20.9357],[103.1124,20.9113],[103.1093,20.9016],[103.1176,20.8958],[103.1262,20.9088],[103.1503,20.9035],[103.1612,20.9068],[103.1649,20.9156],[103.1833,20.9081],[103.1872,20.902],[103.1976,20.9064],[103.2168,20.8959],[103.2316,20.8956],[103.2433,20.8848],[103.262,20.8877],[103.2681,20.9032],[103.2791,20.8976],[103.2879,20.9092],[103.2748,20.9265],[103.2751,20.9387],[103.286,20.9482],[103.2981,20.9477],[103.2953,20.9577],[103.2981,20.975],[103.292,20.9922],[103.2801,21.0036],[103.2922,21.0173],[103.2865,21.0351],[103.2762,21.0444],[103.2755,21.0571],[103.2811,21.0602],[103.2889,21.0768],[103.2818,21.0903],[103.2903,21.0981],[103.3159,21.096],[103.3339,21.0908],[103.3581,21.0718],[103.3655,21.0715],[103.3854,21.06],[103.4021,21.0656],[103.4219,21.0657],[103.4219,21.0799],[103.413,21.089],[103.4131,21.0981],[103.4055,21.1091],[103.4062,21.1308],[103.3976,21.152],[103.4146,21.1666],[103.4239,21.1594],[103.4344,21.1685],[103.4378,21.1979],[103.4327,21.2061],[103.434,21.2318],[103.4271,21.2518],[103.439,21.2634],[103.4415,21.2837],[103.4315,21.3075],[103.4157,21.3197],[103.3979,21.3168],[103.3816,21.3289],[103.3697,21.3313],[103.3706,21.3473],[103.3769,21.3464],[103.3879,21.3606],[103.3867,21.3686],[103.3615,21.3718],[103.3562,21.3919],[103.339,21.3994],[103.3307,21.4155],[103.3459,21.4299],[103.3527,21.4245],[103.3792,21.4298],[103.3776,21.4354],[103.3983,21.4345],[103.4095,21.4506],[103.4124,21.4274],[103.4412,21.4309],[103.4493,21.4379],[103.4455,21.4442],[103.4567,21.4579],[103.4537,21.4802],[103.4469,21.4857],[103.4515,21.502],[103.4613,21.5124],[103.4843,21.5206],[103.4886,21.5275],[103.5043,21.5351],[103.5167,21.533],[103.5221,21.5434],[103.5195,21.5647],[103.5315,21.5665],[103.5327,21.5905],[103.5464,21.6018],[103.5598,21.6264],[103.544,21.6399],[103.5417,21.6464],[103.5575,21.6558],[103.5598,21.6674],[103.5678,21.6777],[103.584,21.6851],[103.5932,21.6746],[103.5983,21.6838],[103.5841,21.705],[103.5749,21.733],[103.5617,21.7486],[103.5588,21.7616],[103.5413,21.7761],[103.5519,21.7832],[103.5532,21.7928],[103.5361,21.8143],[103.542,21.8217],[103.528,21.8349],[103.5285,21.845],[103.5221,21.8621],[103.5082,21.8735],[103.4924,21.8752],[103.4881,21.903],[103.4803,21.9078],[103.481,21.917],[103.5031,21.9041],[103.5087,21.9111],[103.5218,21.9137],[103.5187,21.9218],[103.4982,21.9491],[103.5093,21.9563],[103.4977,21.9712],[103.471,21.9848],[103.4582,22.0001],[103.4581,22.0188],[103.4695,22.0269],[103.454,22.0547],[103.4346,22.0553],[103.4211,22.0734],[103.4123,22.0964],[103.404,22.1258],[103.393,22.1413],[103.389,22.1554],[103.3449,22.1523],[103.3336,22.1536],[103.3191,22.1416],[103.3084,22.1267],[103.3061,22.1139],[103.2852,22.1071],[103.2823,22.0871],[103.2724,22.0742],[103.2913,22.0489],[103.2893,22.0414],[103.2766,22.0392],[103.241,22.0504],[103.2267,22.0624],[103.209,22.0699],[103.1913,22.0699],[103.1678,22.0784],[103.1518,22.074],[103.1486,22.0673],[103.1355,22.0723],[103.1224,22.0947],[103.1025,22.1018],[103.0955,22.0761],[103.0898,22.0702],[103.0949,22.0576],[103.0723,22.0584],[103.0643,22.0631],[103.056,22.0532],[103.0386,22.0475],[103.0222,22.0562],[102.9997,22.052],[102.9952,22.0361],[102.9847,22.026],[102.9688,22.0302],[102.9649,22.042],[102.9443,22.0663],[102.9295,22.0684],[102.9279,22.0753],[102.9363,22.0867],[102.9316,22.1037],[102.9244,22.1082],[102.9262,22.0921],[102.9059,22.0863],[102.901,22.0789],[102.8882,22.0754],[102.8808,22.0797],[102.8678,22.0771],[102.8631,22.0602],[102.855,22.0658],[102.8309,22.064],[102.8191,22.0658],[102.8099,22.0739],[102.7754,22.0902],[102.7814,22.1005],[102.7673,22.1175],[102.762,22.1158],[102.7448,22.1311],[102.7392,22.1449],[102.7382,22.172],[102.7474,22.178],[102.7508,22.2137],[102.7298,22.2376],[102.705,22.2435],[102.6818,22.2561],[102.6772,22.2627],[102.6611,22.2532],[102.6782,22.2451],[102.6876,22.2364],[102.6869,22.2299],[102.6979,22.2093],[102.6949,22.1972],[102.6882,22.193],[102.6864,22.1817],[102.6755,22.167],[102.6614,22.1742],[102.6451,22.1737],[102.6365,22.1871],[102.6296,22.1872],[102.6182,22.1987],[102.6158,22.2223],[102.6186,22.2352],[102.6054,22.2382],[102.5788,22.2606],[102.564,22.2609],[102.5538,22.2433],[102.5455,22.2421],[102.523,22.253],[102.5153,22.2605],[102.5084,22.2787],[102.4905,22.2966],[102.4907,22.3023],[102.4745,22.3192],[102.4739,22.3268],[102.4558,22.3417],[102.457,22.3495],[102.4478,22.3611],[102.4255,22.3703],[102.4239,22.3813],[102.409,22.3879],[102.3874,22.4116],[102.3982,22.4183],[102.3968,22.4332],[102.3899,22.4399],[102.3929,22.4607],[102.3818,22.4703],[102.3613,22.4744],[102.3577,22.4902],[102.3483,22.4905],[102.3467,22.5025],[102.3376,22.5227],[102.3218,22.5482]]]},"properties":{"ma_tinh":"11","ten_tinh":"Điện Biên","sap_nhap":"không sáp nhập","quy_mo":"45 đơn vị (3 phường, 42 xã)","tru_so":"Số 851 Võ Nguyên Giáp, Mường Thanh, Điện Biên","loai":"Tỉnh","cap":1,"stt":13,"dien_tich_km2":9539.27,"dan_so":673091,"mat_do_km2":70.56,"lat":21.7104772628291,"lon":103.02361453291626,"GEOlayersRenamed":"Điện Biên"}},
{"type":"Feature","geometry":{"type":"Polygon","coordinates":[[[106.4232,11.4956],[106.4355,11.501],[106.482,11.4993],[106.4973,11.4959],[106.5146,11.4823],[106.5246,11.48],[106.54,11.4679],[106.5482,11.4707],[106.5563,11.4848],[106.5602,11.4721],[106.5732,11.4565],[106.5591,11.4396],[106.5487,11.4363],[106.5411,11.4239],[106.548,11.4033],[106.5396,11.3889],[106.5556,11.3716],[106.563,11.37],[106.5761,11.3785],[106.5921,11.3807],[106.5991,11.3863],[106.6132,11.3874],[106.6161,11.3632],[106.6326,11.3588],[106.6517,11.3599],[106.6738,11.3544],[106.679,11.385],[106.6733,11.4012],[106.6864,11.3955],[106.6972,11.403],[106.7042,11.3962],[106.7099,11.4069],[106.7262,11.4237],[106.7291,11.4331],[106.7418,11.4342],[106.7417,11.4407],[106.7562,11.4504],[106.7499,11.4684],[106.7537,11.4761],[106.7742,11.4825],[106.7904,11.4918],[106.8028,11.4821],[106.8087,11.4611],[106.805,11.4501],[106.7816,11.4277],[106.7705,11.4266],[106.7695,11.4041],[106.789,11.4012],[106.7884,11.3859],[106.8117,11.3758],[106.825,11.3841],[106.8418,11.375],[106.8547,11.3767],[106.8585,11.362],[106.8558,11.3536],[106.863,11.3383],[106.8555,11.3285],[106.857,11.3146],[106.8754,11.3084],[106.8699,11.3215],[106.8844,11.3397],[106.9006,11.3404],[106.9074,11.353],[106.9402,11.3564],[106.951,11.3381],[106.9523,11.3234],[106.9372,11.3056],[106.9415,11.2932],[106.9246,11.2706],[106.9278,11.265],[106.9274,11.2468],[106.9236,11.2417],[106.9105,11.2409],[106.9148,11.2142],[106.902,11.2106],[106.9075,11.1921],[106.9191,11.193],[106.9241,11.1869],[106.9333,11.189],[106.9452,11.1773],[106.9416,11.1673],[106.9533,11.1638],[106.9555,11.1535],[106.9642,11.1499],[106.9646,11.1425],[106.9553,11.1421],[106.9534,11.1289],[106.9656,11.1081],[106.9467,11.088],[106.9453,11.0772],[106.9522,11.073],[106.9476,11.0592],[106.9416,11.0569],[106.9334,11.0648],[106.922,11.0553],[106.9228,11.0471],[106.9145,11.043],[106.9075,11.022],[106.8951,11.0278],[106.8762,11.0205],[106.8691,11.0216],[106.8596,11.0317],[106.8386,11.0413],[106.8297,11.0624],[106.8218,11.0652],[106.8033,11.06],[106.8001,11.0525],[106.8095,11.045],[106.8131,11.0353],[106.8096,11.0266],[106.7944,11.0235],[106.7753,11.0074],[106.7827,10.986],[106.7946,10.9757],[106.7947,10.9704],[106.7736,10.9592],[106.7621,10.9634],[106.7627,10.9533],[106.7701,10.9525],[106.7708,10.9428],[106.7944,10.9237],[106.8109,10.9187],[106.8148,10.9043],[106.8328,10.9065],[106.8389,10.9034],[106.8437,10.8844],[106.851,10.8763],[106.8467,10.8655],[106.8559,10.8435],[106.8775,10.8196],[106.8819,10.8077],[106.8658,10.7899],[106.8716,10.7757],[106.8703,10.7671],[106.8627,10.7654],[106.8554,10.7732],[106.8447,10.7747],[106.828,10.7599],[106.8229,10.7627],[106.8262,10.7742],[106.8168,10.78],[106.7991,10.7589],[106.7737,10.7477],[106.7605,10.7327],[106.7518,10.7167],[106.7563,10.6948],[106.7732,10.6768],[106.8071,10.6572],[106.813,10.6424],[106.8247,10.6285],[106.8348,10.6269],[106.8416,10.6369],[106.8592,10.6367],[106.8727,10.6477],[106.8829,10.6474],[106.885,10.6404],[106.9045,10.6231],[106.9102,10.6092],[106.9214,10.6097],[106.9261,10.6043],[106.9676,10.5901],[106.9837,10.5791],[106.9904,10.6048],[107.0076,10.6133],[106.9963,10.6273],[107.0054,10.6377],[107.0169,10.6337],[107.0134,10.6437],[107.0444,10.6574],[107.0645,10.6569],[107.067,10.6535],[107.0965,10.652],[107.1019,10.6633],[107.1212,10.6731],[107.1251,10.6825],[107.1338,10.6851],[107.1397,10.7096],[107.1384,10.745],[107.1544,10.7442],[107.1695,10.7537],[107.1894,10.772],[107.2068,10.7738],[107.2065,10.7595],[107.2214,10.757],[107.2313,10.7642],[107.2441,10.7562],[107.3005,10.755],[107.3029,10.7325],[107.301,10.7208],[107.3054,10.7131],[107.3009,10.7018],[107.3075,10.6937],[107.2998,10.6838],[107.3162,10.6691],[107.3282,10.6764],[107.3522,10.6785],[107.3529,10.6971],[107.3494,10.7065],[107.3564,10.7129],[107.3608,10.7279],[107.3739,10.7352],[107.383,10.7511],[107.4097,10.7747],[107.4185,10.7724],[107.4287,10.7876],[107.4444,10.8045],[107.4538,10.8029],[107.4576,10.7913],[107.4716,10.7938],[107.4851,10.7684],[107.5049,10.7714],[107.532,10.778],[107.5613,10.7987],[107.5728,10.8169],[107.5777,10.8341],[107.5736,10.8473],[107.5598,10.8685],[107.5603,10.937],[107.5425,10.9782],[107.5345,10.9877],[107.4988,11.0155],[107.4811,11.0068],[107.4711,11.0082],[107.4646,11.0158],[107.4494,11.0212],[107.4477,11.0283],[107.4207,11.0371],[107.4224,11.0412],[107.406,11.0429],[107.3994,11.0535],[107.4169,11.0512],[107.4258,11.0639],[107.4229,11.0765],[107.4384,11.0889],[107.4403,11.084],[107.4541,11.1114],[107.4394,11.1253],[107.4345,11.1363],[107.4582,11.1524],[107.4547,11.1591],[107.4622,11.1678],[107.4605,11.1765],[107.4714,11.1854],[107.4739,11.2021],[107.4826,11.2008],[107.4784,11.2086],[107.4881,11.216],[107.483,11.2203],[107.4996,11.2294],[107.4967,11.2422],[107.5077,11.2371],[107.5183,11.2512],[107.5245,11.2517],[107.5234,11.2731],[107.5186,11.2857],[107.5239,11.2997],[107.5191,11.3138],[107.5353,11.325],[107.5416,11.3419],[107.5444,11.3666],[107.5351,11.3551],[107.5252,11.3691],[107.5166,11.3746],[107.5129,11.3846],[107.5012,11.3828],[107.4962,11.3964],[107.4876,11.3963],[107.4856,11.4079],[107.4888,11.4235],[107.4859,11.4298],[107.4718,11.4365],[107.4566,11.4301],[107.4534,11.4199],[107.4438,11.4195],[107.4463,11.4294],[107.4305,11.4251],[107.4304,11.4403],[107.4453,11.447],[107.4513,11.4588],[107.4618,11.4627],[107.4614,11.4724],[107.4722,11.4778],[107.4549,11.4924],[107.4523,11.5024],[107.4326,11.5123],[107.428,11.5184],[107.4199,11.5111],[107.4099,11.5282],[107.3868,11.526],[107.3742,11.5149],[107.3674,11.5184],[107.376,11.5237],[107.3791,11.5424],[107.3737,11.5555],[107.371,11.5485],[107.3605,11.5548],[107.3664,11.5614],[107.3663,11.5732],[107.3601,11.5819],[107.3549,11.5557],[107.3467,11.5445],[107.3383,11.5443],[107.3339,11.5533],[107.3103,11.5549],[107.3018,11.5703],[107.3121,11.5714],[107.3001,11.5778],[107.298,11.5865],[107.3059,11.6007],[107.3008,11.6061],[107.3034,11.6187],[107.2869,11.6314],[107.2728,11.6356],[107.2687,11.6429],[107.2724,11.6517],[107.2667,11.6623],[107.2777,11.6809],[107.2846,11.6854],[107.2785,11.6924],[107.2841,11.6987],[107.2855,11.7238],[107.2961,11.7291],[107.3006,11.7388],[107.3157,11.7406],[107.3272,11.7494],[107.353,11.7525],[107.3565,11.7618],[107.3738,11.7708],[107.3954,11.7705],[107.3972,11.7849],[107.3927,11.7898],[107.4095,11.8067],[107.4053,11.8187],[107.4141,11.8338],[107.427,11.8459],[107.4261,11.8585],[107.4186,11.8654],[107.409,11.865],[107.4004,11.885],[107.3806,11.923],[107.3593,11.9341],[107.352,11.9464],[107.3518,11.964],[107.3444,11.9797],[107.3241,12.005],[107.2939,12.0097],[107.2961,12.0157],[107.2841,12.018],[107.275,12.0134],[107.243,12.0256],[107.2455,12.0345],[107.236,12.0362],[107.2308,12.0522],[107.2337,12.0611],[107.2292,12.0861],[107.2405,12.1135],[107.2301,12.1149],[107.2222,12.1259],[107.2292,12.1339],[107.223,12.1935],[107.2062,12.2959],[107.1902,12.2945],[107.1833,12.2835],[107.1678,12.2779],[107.1555,12.2787],[107.1454,12.2641],[107.1456,12.2527],[107.1356,12.2377],[107.1381,12.2298],[107.1152,12.2164],[107.1106,12.2189],[107.092,12.181],[107.0761,12.1885],[107.0699,12.1778],[107.0807,12.1688],[107.0559,12.1524],[107.0455,12.1314],[107.038,12.1316],[107.0259,12.1206],[107.0237,12.1268],[107.0085,12.1151],[107.0119,12.1084],[107.0001,12.0945],[106.9652,12.0837],[106.9453,12.0675],[106.9162,12.0626],[106.906,12.0686],[106.9002,12.0657],[106.8852,12.0737],[106.8699,12.0734],[106.8555,12.066],[106.8451,12.0733],[106.8381,12.072],[106.8271,12.0829],[106.8153,12.0834],[106.8057,12.0784],[106.7987,12.0838],[106.7803,12.0738],[106.7815,12.0626],[106.7744,12.0592],[106.7622,12.0348],[106.7387,11.9985],[106.7445,11.984],[106.7255,11.98],[106.7224,11.9717],[106.7036,11.9657],[106.6837,11.9645],[106.6569,11.9888],[106.6492,11.9791],[106.6601,11.9664],[106.6483,11.9636],[106.6384,11.9734],[106.6352,11.9606],[106.6275,11.9741],[106.5383,11.9682],[106.5307,11.9686],[106.5292,11.9773],[106.5106,11.9805],[106.4945,11.9682],[106.4728,11.9721],[106.4648,11.9832],[106.4548,11.9892],[106.4437,11.9875],[106.4333,11.9789],[106.433,11.9723],[106.4125,11.9724],[106.4202,11.9599],[106.4676,11.8672],[106.4607,11.862],[106.4462,11.8666],[106.4408,11.8585],[106.4381,11.8393],[106.4486,11.8257],[106.433,11.8047],[106.4356,11.8026],[106.4165,11.774],[106.4171,11.7579],[106.4221,11.7387],[106.4349,11.7178],[106.4378,11.7059],[106.4534,11.6908],[106.4512,11.6709],[106.4533,11.6536],[106.4643,11.6398],[106.4634,11.6236],[106.469,11.6139],[106.4817,11.6098],[106.4825,11.5973],[106.4904,11.58],[106.4903,11.5701],[106.475,11.5491],[106.4659,11.5422],[106.4426,11.5468],[106.4274,11.5343],[106.4298,11.5135],[106.4236,11.5072],[106.4232,11.4956]]]},"properties":{"ma_tinh":"75","ten_tinh":"Đồng Nai","sap_nhap":"Đồng Nai, Bình Phước","quy_mo":"95 đơn vị (23 phường và 72 xã)","tru_so":"Số 2 Nguyễn Văn Trị, Biên Hòa, Đồng Nai","loai":"Tỉnh","cap":1,"stt":28,"dien_tich_km2":12737.36,"dan_so":4491408,"mat_do_km2":352.62,"lat":11.435487531679705,"lon":107.03575441835633,"GEOlayersRenamed":"Đồng Nai"}},
{"type":"Feature","geometry":{"type":"Polygon","coordinates":[[[105.4965,10.325],[105.5107,10.3103],[105.5449,10.2905],[105.5711,10.2676],[105.6011,10.2376],[105.6168,10.213],[105.6268,10.1868],[105.6493,10.1623],[105.658,10.15],[105.6816,10.1348],[105.6853,10.1434],[105.7278,10.2051],[105.7478,10.1974],[105.7656,10.1789],[105.7749,10.1889],[105.8012,10.1555],[105.8183,10.1496],[105.8491,10.15],[105.8516,10.1602],[105.8706,10.1544],[105.8702,10.1687],[105.8761,10.1891],[105.8951,10.1856],[105.8994,10.1917],[105.9132,10.1924],[105.9195,10.211],[105.9122,10.2266],[105.9012,10.2345],[105.9019,10.2449],[105.8904,10.2448],[105.8776,10.2644],[105.8942,10.2758],[105.9014,10.2742],[105.9261,10.2834],[105.9745,10.3264],[105.9933,10.3298],[106.0118,10.3181],[106.039,10.2967],[106.0788,10.2774],[106.0956,10.2779],[106.104,10.2836],[106.14,10.2825],[106.1714,10.2956],[106.2018,10.3125],[106.2136,10.3166],[106.2479,10.3202],[106.2772,10.3276],[106.3056,10.3192],[106.3647,10.339],[106.3827,10.3396],[106.3986,10.3357],[106.4483,10.3065],[106.4755,10.3067],[106.5018,10.2891],[106.5186,10.2819],[106.533,10.2678],[106.5708,10.258],[106.599,10.249],[106.6245,10.2445],[106.6509,10.2373],[106.7025,10.2167],[106.7418,10.1949],[106.7518,10.1917],[106.7518,10.2044],[106.7809,10.2221],[106.7701,10.2437],[106.7518,10.2555],[106.7518,10.2684],[106.7568,10.2661],[106.7813,10.2917],[106.7818,10.3942],[106.8078,10.3958],[106.8054,10.4078],[106.7808,10.4298],[106.7518,10.4677],[106.7433,10.4877],[106.7431,10.5],[106.735,10.4972],[106.7099,10.4767],[106.7005,10.4663],[106.6863,10.4426],[106.6735,10.4382],[106.6625,10.4436],[106.6603,10.4711],[106.656,10.4809],[106.6404,10.4803],[106.6325,10.4579],[106.6278,10.4521],[106.5998,10.4369],[106.5843,10.4342],[106.5888,10.4181],[106.5714,10.4122],[106.5581,10.4137],[106.5591,10.4221],[106.5448,10.4294],[106.5385,10.421],[106.5291,10.4335],[106.5182,10.4244],[106.5095,10.4275],[106.4993,10.4153],[106.4814,10.4048],[106.4801,10.3967],[106.4636,10.4005],[106.4518,10.4134],[106.4299,10.4143],[106.4279,10.4098],[106.4148,10.4297],[106.4273,10.4338],[106.4527,10.4534],[106.4421,10.4583],[106.4419,10.4664],[106.4173,10.482],[106.417,10.4884],[106.4037,10.4931],[106.3881,10.4764],[106.3706,10.4878],[106.3693,10.5177],[106.3477,10.5287],[106.3489,10.5408],[106.3357,10.5509],[106.321,10.5693],[106.3104,10.5654],[106.2862,10.587],[106.2058,10.5793],[106.1971,10.5804],[106.1012,10.5759],[106.1025,10.5228],[106.0926,10.5231],[105.9995,10.5325],[105.9098,10.5386],[105.8768,10.5814],[105.8345,10.6384],[105.8077,10.6537],[105.7806,10.6587],[105.6071,10.8207],[105.5957,10.8308],[105.6123,10.832],[105.5827,10.8921],[105.5187,10.9216],[105.5142,10.9254],[105.5001,10.9526],[105.4967,10.9475],[105.4829,10.9529],[105.4731,10.9647],[105.4646,10.9643],[105.4553,10.9557],[105.4422,10.9606],[105.4328,10.9733],[105.4236,10.9653],[105.4065,10.9357],[105.3848,10.9172],[105.38,10.9025],[105.373,10.9035],[105.3686,10.8884],[105.3593,10.8866],[105.3383,10.8597],[105.2849,10.8878],[105.2744,10.889],[105.265,10.8964],[105.2397,10.8918],[105.2156,10.8995],[105.1992,10.9111],[105.1872,10.9115],[105.1878,10.8741],[105.2052,10.8572],[105.2224,10.8288],[105.2226,10.8225],[105.2344,10.8065],[105.2594,10.8013],[105.2627,10.7958],[105.2582,10.7822],[105.2627,10.7702],[105.2733,10.7644],[105.2974,10.7629],[105.3044,10.7568],[105.3,10.747],[105.2857,10.7392],[105.2759,10.7284],[105.2785,10.7231],[105.3021,10.7162],[105.324,10.7219],[105.3397,10.7227],[105.3524,10.7134],[105.3377,10.672],[105.3409,10.6416],[105.3497,10.6166],[105.369,10.5753],[105.3746,10.5709],[105.3908,10.57],[105.4084,10.5544],[105.4199,10.5499],[105.4464,10.553],[105.4822,10.5341],[105.4883,10.5425],[105.5115,10.5474],[105.5326,10.5373],[105.5469,10.5257],[105.5557,10.5124],[105.5704,10.4788],[105.5757,10.4464],[105.5738,10.4286],[105.5549,10.4343],[105.5466,10.4213],[105.5527,10.4171],[105.54,10.4135],[105.5237,10.3993],[105.5287,10.3792],[105.521,10.3633],[105.4996,10.3539],[105.4904,10.3445],[105.4886,10.3337],[105.4965,10.325]]]},"properties":{"ma_tinh":"82","ten_tinh":"Đồng Tháp","sap_nhap":"Tiền Giang, Đồng Tháp","quy_mo":"102 đơn vị (20 phường, 82 xã)","tru_so":"Số 12 30/4, Mỹ Tho, Đồng Tháp","loai":"Tỉnh","cap":1,"stt":31,"dien_tich_km2":5939,"dan_so":4370046,"mat_do_km2":735.82,"lat":10.5541345,"lon":105.60654349999999,"GEOlayersRenamed":"Đồng Tháp"}},
{"type":"Feature","geometry":{"type":"MultiPolygon","coordinates":[[[[107.6067,13.3045],[107.6301,13.3164],[107.6401,13.3288],[107.6497,13.3263],[107.6497,13.3422],[107.6625,13.3502],[107.6705,13.3495],[107.6756,13.358],[107.7041,13.375],[107.7175,13.3741],[107.7299,13.3661],[107.7507,13.3644],[107.7521,13.3698],[107.7678,13.3692],[107.7998,13.3824],[107.802,13.394],[107.8196,13.3925],[107.8389,13.4005],[107.851,13.3896],[107.8756,13.3941],[107.8865,13.3847],[107.9012,13.3886],[107.9229,13.3852],[107.9327,13.3757],[107.9428,13.3736],[107.9545,13.3849],[107.9636,13.3799],[107.9809,13.3838],[107.9826,13.3928],[107.9963,13.3906],[108.0091,13.3811],[108.0225,13.3879],[108.0361,13.4029],[108.0413,13.3995],[108.0538,13.4123],[108.0571,13.4075],[108.0684,13.4098],[108.073,13.3994],[108.0813,13.4004],[108.0896,13.4091],[108.1065,13.4116],[108.112,13.4166],[108.1262,13.4092],[108.1437,13.4077],[108.1496,13.4015],[108.1623,13.4006],[108.1776,13.3838],[108.2092,13.3766],[108.2131,13.3682],[108.2376,13.3736],[108.2422,13.368],[108.2636,13.3722],[108.2817,13.3605],[108.2886,13.3503],[108.2965,13.3506],[108.3126,13.3427],[108.3209,13.3455],[108.3536,13.3291],[108.3568,13.3146],[108.3614,13.3154],[108.3693,13.3014],[108.3765,13.2672],[108.3868,13.2575],[108.3968,13.2555],[108.4052,13.2605],[108.4107,13.2478],[108.4208,13.2417],[108.4221,13.2265],[108.4163,13.2214],[108.4234,13.1983],[108.4369,13.18],[108.4639,13.1624],[108.4608,13.156],[108.4676,13.1357],[108.4576,13.1257],[108.4654,13.1172],[108.4728,13.1184],[108.4931,13.1062],[108.4884,13.0988],[108.5005,13.0843],[108.5093,13.0801],[108.5212,13.0634],[108.5112,13.046],[108.5141,13.0332],[108.5295,13.0345],[108.5686,13.0196],[108.5778,13.0283],[108.592,13.0296],[108.5996,13.0186],[108.6058,13.0195],[108.6143,13.0076],[108.6453,13.0108],[108.6578,12.9992],[108.6638,13.0033],[108.6754,12.996],[108.6819,12.999],[108.6929,13.0167],[108.7138,13.0176],[108.7565,13.0327],[108.7507,13.0918],[108.7601,13.1153],[108.769,13.121],[108.7605,13.1252],[108.7616,13.1337],[108.7776,13.138],[108.7759,13.1459],[108.7961,13.1414],[108.7967,13.1518],[108.8135,13.1588],[108.8232,13.1531],[108.8298,13.1651],[108.8424,13.1645],[108.8385,13.1704],[108.8498,13.1818],[108.8551,13.1942],[108.8475,13.2044],[108.8501,13.2177],[108.8647,13.2253],[108.8704,13.2466],[108.8681,13.2612],[108.8731,13.2797],[108.8682,13.2886],[108.86,13.2879],[108.8522,13.2973],[108.8395,13.3251],[108.8273,13.3401],[108.8084,13.3573],[108.805,13.3895],[108.8077,13.3933],[108.8048,13.4186],[108.806,13.4342],[108.7962,13.4519],[108.79,13.4532],[108.796,13.4679],[108.7726,13.4666],[108.7575,13.4595],[108.7521,13.4638],[108.7437,13.457],[108.7272,13.4636],[108.7135,13.4638],[108.7151,13.474],[108.7029,13.4862],[108.7129,13.5009],[108.7137,13.5167],[108.7274,13.5195],[108.7331,13.5288],[108.7322,13.5396],[108.7391,13.5568],[108.7475,13.555],[108.7487,13.5663],[108.7684,13.5619],[108.7846,13.5772],[108.8144,13.577],[108.8268,13.5651],[108.8444,13.5642],[108.8514,13.5678],[108.86,13.5445],[108.8673,13.5349],[108.8892,13.5371],[108.8963,13.5412],[108.9224,13.5402],[108.924,13.5369],[108.9488,13.5265],[108.9811,13.526],[108.999,13.5227],[109.0175,13.5258],[109.0317,13.5339],[109.0343,13.5453],[109.0415,13.5491],[109.053,13.5693],[109.0843,13.5671],[109.1114,13.5875],[109.1181,13.6036],[109.1152,13.6145],[109.1264,13.6202],[109.1188,13.635],[109.1223,13.6442],[109.1449,13.6304],[109.1527,13.634],[109.1511,13.6552],[109.157,13.6689],[109.1562,13.6784],[109.183,13.6837],[109.1913,13.6941],[109.2033,13.6936],[109.2082,13.6807],[109.2183,13.6816],[109.2338,13.6709],[109.233,13.6873],[109.2278,13.6888],[109.2215,13.7126],[109.2178,13.7146],[109.2192,13.7357],[109.2143,13.7456],[109.2197,13.757],[109.2399,13.7714],[109.251,13.7679],[109.2529,13.7595],[109.2675,13.7571],[109.2825,13.7616],[109.2866,13.7546],[109.2932,13.7672],[109.2941,13.7805],[109.2856,13.8015],[109.2894,13.8167],[109.2985,13.8249],[109.2992,13.8417],[109.2941,13.8478],[109.292,13.8728],[109.2961,13.8851],[109.2795,13.8887],[109.2591,13.9113],[109.2448,13.9384],[109.2423,13.9548],[109.2555,13.9649],[109.2493,13.9831],[109.257,13.9892],[109.2468,14.009],[109.2538,14.0162],[109.2201,14.0725],[109.2054,14.1112],[109.2074,14.1244],[109.2209,14.1265],[109.2275,14.1356],[109.2211,14.1384],[109.1958,14.1774],[109.1833,14.2052],[109.1839,14.2272],[109.1981,14.2325],[109.1946,14.2484],[109.1801,14.2678],[109.1847,14.2788],[109.1528,14.3218],[109.1382,14.3436],[109.1241,14.3695],[109.1208,14.3801],[109.1275,14.3935],[109.1155,14.4255],[109.1227,14.4455],[109.0888,14.5067],[109.0738,14.5418],[109.067,14.5649],[109.0707,14.5783],[109.0825,14.5778],[109.0821,14.5782],[109.0819,14.5784],[109.0596,14.592],[109.0482,14.6039],[109.0424,14.623],[109.0458,14.6302],[109.0344,14.6483],[109.027,14.6474],[109.0171,14.6664],[108.9976,14.67],[108.9941,14.6743],[108.978,14.6706],[108.9593,14.6866],[108.9545,14.6811],[108.9397,14.6954],[108.9285,14.6987],[108.9068,14.6913],[108.8893,14.6823],[108.8634,14.6953],[108.8529,14.6913],[108.8515,14.6831],[108.8388,14.6944],[108.8286,14.6784],[108.8129,14.6704],[108.7805,14.6708],[108.7717,14.678],[108.7595,14.6671],[108.7638,14.6542],[108.7666,14.6277],[108.7617,14.6202],[108.7635,14.5998],[108.7571,14.5933],[108.7406,14.5947],[108.7379,14.5888],[108.7089,14.605],[108.701,14.6134],[108.6982,14.597],[108.6878,14.5918],[108.68,14.5967],[108.6772,14.5845],[108.6404,14.5648],[108.6445,14.5592],[108.6399,14.5494],[108.6326,14.5524],[108.6285,14.5451],[108.6173,14.5418],[108.6131,14.5324],[108.5961,14.5467],[108.5965,14.5625],[108.5729,14.5735],[108.5601,14.586],[108.5472,14.5894],[108.5316,14.5778],[108.5305,14.5603],[108.5116,14.5461],[108.4959,14.5427],[108.4827,14.5493],[108.4413,14.555],[108.4253,14.5609],[108.4127,14.5758],[108.4131,14.5845],[108.3971,14.6035],[108.3874,14.5984],[108.3755,14.6006],[108.367,14.5843],[108.3584,14.5811],[108.3592,14.5636],[108.3749,14.5467],[108.3695,14.5342],[108.3826,14.5271],[108.3814,14.5116],[108.3658,14.5008],[108.3634,14.4942],[108.3488,14.4929],[108.3434,14.4811],[108.3241,14.4542],[108.3231,14.4423],[108.3076,14.4233],[108.2985,14.4198],[108.2921,14.4043],[108.2965,14.3919],[108.2742,14.3864],[108.2518,14.3909],[108.2441,14.3979],[108.2325,14.3898],[108.221,14.3916],[108.2096,14.3874],[108.2032,14.3746],[108.1895,14.3686],[108.17,14.3681],[108.1607,14.363],[108.1542,14.3489],[108.1148,14.3632],[108.1086,14.3531],[108.1124,14.3459],[108.1004,14.3351],[108.0803,14.3339],[108.0882,14.3152],[108.0737,14.3066],[108.0666,14.2777],[108.055,14.2664],[108.0401,14.2774],[108.0167,14.2494],[108.0151,14.2407],[108.0018,14.2444],[107.9821,14.2448],[107.9613,14.2275],[107.9492,14.2426],[107.9321,14.2404],[107.9158,14.2617],[107.9049,14.2646],[107.8958,14.2732],[107.8528,14.2758],[107.8385,14.266],[107.8407,14.2555],[107.8372,14.235],[107.8287,14.2331],[107.8176,14.2137],[107.808,14.2125],[107.7991,14.2197],[107.7827,14.2247],[107.7629,14.2124],[107.7601,14.2018],[107.7217,14.2154],[107.7003,14.2155],[107.6889,14.2213],[107.678,14.1999],[107.6784,14.1902],[107.6689,14.1753],[107.6581,14.1652],[107.6617,14.1325],[107.6577,14.1034],[107.6482,14.0976],[107.6574,14.0839],[107.6488,14.0654],[107.6353,14.0548],[107.6258,14.0556],[107.6165,14.0641],[107.6124,14.0539],[107.6014,14.0459],[107.5958,14.0265],[107.5745,14.0193],[107.5571,14.0261],[107.5498,14.025],[107.5426,14.0124],[107.5306,14.0138],[107.5222,14.0085],[107.5264,13.9849],[107.5114,13.9836],[107.5049,13.9732],[107.4687,13.952],[107.4706,13.9374],[107.4578,13.9237],[107.4735,13.9202],[107.4697,13.9094],[107.4706,13.8909],[107.4581,13.8797],[107.4563,13.867],[107.4732,13.8556],[107.4655,13.838],[107.455,13.8267],[107.4614,13.8162],[107.4514,13.7953],[107.4735,13.7779],[107.4857,13.7764],[107.5123,13.7604],[107.533,13.7447],[107.551,13.6921],[107.5676,13.6641],[107.572,13.6229],[107.6177,13.5287],[107.6296,13.374],[107.6313,13.3599],[107.6067,13.3045]]],[[[109.3558,13.6204],[109.3518,13.6195],[109.3447,13.6344],[109.3376,13.6271],[109.3476,13.6117],[109.3634,13.6094],[109.3558,13.6204]]]]},"properties":{"ma_tinh":"52","ten_tinh":"Gia Lai","sap_nhap":"Gia Lai, Bình Định","quy_mo":"135 đơn vị (25 phường, 110 xã)","tru_so":"Số 1 Trần Phú, Quy Nhơn, Gia Lai","loai":"Tỉnh","cap":1,"stt":24,"dien_tich_km2":21576.56,"dan_so":3583691,"mat_do_km2":166.09,"lat":13.849574,"lon":108.304914,"GEOlayersRenamed":"Gia Lai"}},
{"type":"Feature","geometry":{"type":"Polygon","coordinates":[[[105.7847,21.3596],[105.7853,21.3429],[105.7762,21.3358],[105.7534,21.2955],[105.7431,21.2929],[105.7357,21.2793],[105.7252,21.2721],[105.7235,21.2518],[105.7282,21.2408],[105.7374,21.2357],[105.7247,21.2247],[105.71,21.2197],[105.6902,21.2199],[105.6806,21.2337],[105.6759,21.2271],[105.6672,21.2394],[105.6445,21.2342],[105.6581,21.2202],[105.645,21.2155],[105.6367,21.2179],[105.6393,21.2073],[105.6291,21.2109],[105.6162,21.2026],[105.6226,21.2004],[105.6291,21.1849],[105.6243,21.1737],[105.5751,21.1643],[105.5749,21.1613],[105.5283,21.1551],[105.4956,21.1594],[105.4866,21.1629],[105.4677,21.178],[105.4585,21.2258],[105.4464,21.2443],[105.4435,21.2699],[105.4352,21.2866],[105.4203,21.2954],[105.3927,21.3056],[105.3622,21.2849],[105.357,21.2897],[105.3524,21.2701],[105.352,21.2396],[105.3375,21.2011],[105.3254,21.2034],[105.3028,21.1907],[105.292,21.172],[105.2854,21.1719],[105.286,21.1612],[105.3072,21.1344],[105.3197,21.1136],[105.3178,21.0954],[105.3038,21.0757],[105.2935,21.0506],[105.2979,21.0332],[105.3164,21.0136],[105.3313,21.023],[105.3255,21.0097],[105.3478,21.0142],[105.3534,21.0072],[105.3727,21.0138],[105.3875,21.0244],[105.3938,21.0029],[105.4034,20.9979],[105.416,20.9983],[105.4221,20.9819],[105.4357,20.9744],[105.4443,20.9563],[105.4656,20.9462],[105.4783,20.9487],[105.4923,20.934],[105.5129,20.9222],[105.5253,20.9189],[105.5383,20.9278],[105.5459,20.9232],[105.5567,20.9268],[105.58,20.9288],[105.5845,20.9228],[105.5791,20.9151],[105.5555,20.9048],[105.5614,20.9006],[105.5527,20.8832],[105.5594,20.8808],[105.5854,20.8574],[105.5881,20.8454],[105.5754,20.8226],[105.5625,20.8229],[105.552,20.8072],[105.575,20.8079],[105.5832,20.8118],[105.588,20.8313],[105.5977,20.8335],[105.5963,20.8415],[105.61,20.838],[105.6178,20.8305],[105.6353,20.8362],[105.6421,20.8274],[105.6307,20.8158],[105.6347,20.8006],[105.6306,20.7939],[105.6482,20.7922],[105.6478,20.7763],[105.6513,20.7537],[105.6577,20.741],[105.6671,20.7351],[105.6608,20.7237],[105.6753,20.7032],[105.6818,20.6991],[105.6792,20.6841],[105.6679,20.6801],[105.6868,20.6379],[105.6784,20.6285],[105.6638,20.6282],[105.6665,20.6168],[105.6869,20.6159],[105.7009,20.6218],[105.7037,20.603],[105.7187,20.5971],[105.7268,20.6056],[105.7428,20.5991],[105.763,20.5791],[105.7687,20.5653],[105.7946,20.5674],[105.8037,20.5988],[105.8113,20.6046],[105.806,20.611],[105.8149,20.6188],[105.8114,20.6295],[105.8324,20.6452],[105.833,20.6499],[105.8195,20.6608],[105.823,20.6645],[105.8402,20.6572],[105.8593,20.6447],[105.8797,20.6432],[105.8965,20.6517],[105.8961,20.6688],[105.9032,20.6645],[105.92,20.6759],[105.9433,20.682],[105.9469,20.6761],[105.9434,20.6632],[105.9466,20.6542],[105.958,20.6508],[105.964,20.6637],[105.9775,20.6658],[105.9785,20.6738],[105.9886,20.6825],[106.0032,20.7036],[105.9733,20.7006],[105.9642,20.7249],[105.9681,20.7336],[105.9692,20.7687],[105.9637,20.7775],[105.9312,20.7849],[105.9184,20.7978],[105.9113,20.8192],[105.9129,20.8368],[105.9319,20.8506],[105.9358,20.8651],[105.925,20.8782],[105.8986,20.8909],[105.8945,20.9006],[105.9138,20.9157],[105.9084,20.9264],[105.9148,20.9373],[105.9031,20.9472],[105.9145,20.9746],[105.9324,20.9736],[105.964,20.9634],[105.9613,20.9884],[105.9722,20.9897],[105.9719,20.9971],[106.0009,21.0012],[106.0066,21.0286],[106.0201,21.0415],[105.9995,21.0744],[105.9937,21.0689],[105.9683,21.0721],[105.958,21.0913],[105.9403,21.0833],[105.9302,21.112],[105.9156,21.119],[105.9267,21.1445],[105.9172,21.1677],[105.9237,21.1827],[105.9071,21.1925],[105.9155,21.2084],[105.9067,21.2323],[105.9195,21.231],[105.9335,21.2454],[105.9391,21.2464],[105.9232,21.2694],[105.9233,21.2878],[105.9316,21.293],[105.9158,21.2965],[105.9177,21.3049],[105.904,21.3023],[105.8969,21.3095],[105.8994,21.3242],[105.8924,21.3261],[105.8681,21.3271],[105.852,21.3553],[105.8583,21.3748],[105.8488,21.3778],[105.8351,21.3734],[105.8009,21.3854],[105.7858,21.3705],[105.7847,21.3596]]]},"properties":{"ma_tinh":"01","ten_tinh":"Hà Nội","sap_nhap":"không sáp nhập","quy_mo":"126 đơn vị (51 phường,  75 xã)","tru_so":"Số 79 Đinh Tiên Hoàng, Hoàn Kiếm, Hà Nội","loai":"Thành phố","cap":1,"stt":1,"dien_tich_km2":3359.77,"dan_so":8807523,"mat_do_km2":2621.47,"lat":20.999185512396345,"lon":105.69985103816553,"GEOlayersRenamed":"Hà Nội"}},
{"type":"Feature","geometry":{"type":"Polygon","coordinates":[[[105.6435,17.9925],[105.7047,17.9923],[105.7203,18.0057],[105.7206,18.0214],[105.731,18.0344],[105.7505,18.0338],[105.7605,18.0247],[105.7788,18.0172],[105.7872,18.0248],[105.8097,18.0259],[105.8078,18.0318],[105.8168,18.038],[105.829,18.0317],[105.8352,18.0413],[105.813,18.0526],[105.826,18.0629],[105.8486,18.064],[105.8527,18.0677],[105.8751,18.0693],[105.8831,18.0833],[105.895,18.0901],[105.9134,18.0872],[105.918,18.0811],[105.9302,18.0891],[105.9451,18.0742],[105.95,18.0588],[105.968,18.0549],[105.983,18.0644],[105.9948,18.051],[106.0074,18.0426],[106.0165,18.0288],[106.0276,18.0226],[106.0492,18.0259],[106.0596,18.008],[106.0713,17.9952],[106.0592,17.9753],[106.0476,17.9634],[106.0456,17.9461],[106.0764,17.9328],[106.091,17.9329],[106.1062,17.9275],[106.1173,17.9279],[106.1311,17.9204],[106.1726,17.9145],[106.1937,17.9221],[106.2,17.9164],[106.2071,17.9254],[106.2226,17.9297],[106.2407,17.9304],[106.2642,17.9138],[106.2687,17.92],[106.2802,17.9158],[106.2867,17.9257],[106.281,17.9336],[106.2874,17.9428],[106.2962,17.9453],[106.3054,17.9628],[106.323,17.9625],[106.3286,17.9799],[106.3378,17.991],[106.3605,17.991],[106.387,17.9824],[106.4004,17.9817],[106.41,17.9726],[106.4228,17.9695],[106.4355,17.9728],[106.4441,17.9689],[106.4447,17.9518],[106.4502,17.9495],[106.4711,17.9562],[106.4786,17.9534],[106.4955,17.9606],[106.5107,17.9599],[106.4947,17.9655],[106.4815,17.9872],[106.47,17.9976],[106.445,18.0383],[106.4526,18.042],[106.45,18.0503],[106.44,18.0503],[106.4345,18.0674],[106.4207,18.092],[106.4208,18.1028],[106.4351,18.1222],[106.4114,18.1211],[106.4055,18.1116],[106.407,18.101],[106.3861,18.1007],[106.3691,18.108],[106.3609,18.1053],[106.3564,18.1126],[106.3044,18.1571],[106.2727,18.1902],[106.2525,18.2134],[106.2346,18.2168],[106.21,18.2333],[106.186,18.2531],[106.1607,18.2677],[106.1223,18.2665],[106.0898,18.2834],[106.0698,18.3006],[106.0433,18.3268],[106.0134,18.3596],[105.9727,18.4101],[105.9533,18.4383],[105.9391,18.4633],[105.9331,18.4616],[105.9253,18.4458],[105.9186,18.4603],[105.883,18.5065],[105.8521,18.5527],[105.8244,18.6036],[105.8112,18.6333],[105.7967,18.6781],[105.7841,18.7361],[105.7777,18.7565],[105.7588,18.7604],[105.7465,18.7527],[105.7416,18.7438],[105.7574,18.703],[105.7662,18.6894],[105.7682,18.6775],[105.754,18.6686],[105.7267,18.673],[105.7142,18.6647],[105.7046,18.6356],[105.6902,18.6274],[105.6893,18.5956],[105.6809,18.5799],[105.6679,18.5755],[105.6539,18.5792],[105.6192,18.5674],[105.6173,18.5788],[105.5893,18.5728],[105.5837,18.5588],[105.5589,18.5595],[105.5462,18.5521],[105.5309,18.561],[105.5266,18.576],[105.5184,18.5837],[105.5177,18.5973],[105.5016,18.6112],[105.4799,18.6139],[105.4367,18.5966],[105.433,18.5883],[105.4177,18.5908],[105.3976,18.5799],[105.3594,18.5816],[105.3386,18.5903],[105.3304,18.6017],[105.3047,18.6073],[105.2957,18.6219],[105.2821,18.6238],[105.2668,18.6198],[105.2391,18.6027],[105.2274,18.5879],[105.2184,18.5977],[105.1884,18.602],[105.1595,18.6133],[105.1564,18.6074],[105.1345,18.5911],[105.1343,18.5695],[105.14,18.5619],[105.128,18.5549],[105.1296,18.549],[105.1161,18.5389],[105.1197,18.5235],[105.1111,18.5124],[105.1138,18.4915],[105.1074,18.4755],[105.1086,18.4553],[105.1039,18.4479],[105.1106,18.4344],[105.1187,18.4328],[105.1204,18.4202],[105.1346,18.4156],[105.1456,18.4012],[105.1504,18.389],[105.1664,18.3875],[105.1711,18.3925],[105.1846,18.3864],[105.1784,18.3709],[105.1857,18.3607],[105.1891,18.3453],[105.1844,18.3252],[105.2081,18.3146],[105.2177,18.3032],[105.2312,18.303],[105.2433,18.296],[105.2581,18.2697],[105.2569,18.259],[105.2818,18.2608],[105.2996,18.2547],[105.2957,18.2423],[105.2998,18.2356],[105.3106,18.2661],[105.3282,18.2648],[105.3315,18.253],[105.3234,18.229],[105.3256,18.2086],[105.3204,18.2],[105.3289,18.1918],[105.3376,18.1913],[105.3374,18.1834],[105.3512,18.1844],[105.3635,18.1637],[105.3767,18.1607],[105.384,18.17],[105.3921,18.1595],[105.4003,18.1607],[105.4096,18.1535],[105.4196,18.1822],[105.4387,18.1808],[105.4467,18.1943],[105.4435,18.2044],[105.4597,18.2051],[105.4806,18.1959],[105.4937,18.2006],[105.4864,18.1832],[105.4935,18.1766],[105.4986,18.1886],[105.5056,18.1791],[105.5129,18.1495],[105.5036,18.1406],[105.5061,18.124],[105.5111,18.1196],[105.5217,18.1263],[105.5357,18.1139],[105.5397,18.1049],[105.5403,18.0825],[105.5591,18.0806],[105.5712,18.084],[105.5753,18.0614],[105.5806,18.0605],[105.5856,18.0384],[105.5796,18.027],[105.5814,18.014],[105.5989,18.0024],[105.6132,18.0119],[105.6218,18],[105.6331,17.9919],[105.6435,17.9925]]]},"properties":{"ma_tinh":"42","ten_tinh":"Hà Tĩnh","sap_nhap":"không sáp nhập","quy_mo":"69 đơn vị (9 phường, 60 xã)","tru_so":"Số 1 Nguyễn Tất Thành, Thành Sen, Hà Tĩnh","loai":"Tỉnh","cap":1,"stt":18,"dien_tich_km2":5994.85,"dan_so":1623061,"mat_do_km2":270.74,"lat":18.290241112887756,"lon":105.73701072313601,"GEOlayersRenamed":"Hà Tĩnh"}},
{"type":"Feature","geometry":{"type":"MultiPolygon","coordinates":[[[[106.1274,20.9835],[106.1382,20.9751],[106.1351,20.9603],[106.159,20.9514],[106.1506,20.9447],[106.1482,20.9291],[106.1553,20.9173],[106.1366,20.9043],[106.1394,20.8931],[106.1474,20.8881],[106.1416,20.8577],[106.1368,20.8503],[106.1261,20.8478],[106.1294,20.8382],[106.1254,20.8288],[106.1383,20.8225],[106.1406,20.8143],[106.1312,20.8067],[106.1481,20.7854],[106.1579,20.7798],[106.1655,20.7849],[106.1813,20.7632],[106.1926,20.7658],[106.2035,20.752],[106.2149,20.7506],[106.219,20.7363],[106.2114,20.7316],[106.2244,20.7165],[106.2277,20.7052],[106.2445,20.6952],[106.2489,20.6863],[106.2579,20.6878],[106.2494,20.6966],[106.2675,20.7029],[106.2761,20.6928],[106.2886,20.6947],[106.2835,20.7029],[106.2864,20.7112],[106.2937,20.7072],[106.2933,20.6966],[106.3027,20.69],[106.3387,20.7114],[106.3498,20.7009],[106.361,20.7021],[106.3828,20.7117],[106.4027,20.729],[106.4171,20.7169],[106.414,20.7065],[106.4026,20.6938],[106.4257,20.6692],[106.4391,20.6613],[106.4552,20.6389],[106.4507,20.6196],[106.4642,20.6153],[106.4724,20.598],[106.4813,20.5989],[106.4932,20.6167],[106.5151,20.6118],[106.5192,20.6026],[106.5398,20.6082],[106.5417,20.6227],[106.5473,20.6272],[106.5614,20.6253],[106.5687,20.6196],[106.5852,20.6271],[106.6016,20.6394],[106.6095,20.6283],[106.6225,20.6251],[106.6343,20.6279],[106.6494,20.6195],[106.6665,20.6122],[106.6823,20.618],[106.706,20.646],[106.7104,20.6611],[106.6968,20.6842],[106.701,20.6867],[106.7229,20.6766],[106.7353,20.68],[106.7424,20.6907],[106.7633,20.701],[106.7671,20.7142],[106.7725,20.7067],[106.7655,20.6971],[106.7572,20.6973],[106.7577,20.687],[106.7675,20.6807],[106.7868,20.6887],[106.7967,20.684],[106.7981,20.6954],[106.792,20.7047],[106.8017,20.7205],[106.7923,20.7266],[106.7798,20.7482],[106.7769,20.7627],[106.7683,20.7731],[106.7582,20.7774],[106.7777,20.7873],[106.778,20.7938],[106.8019,20.7945],[106.8021,20.7869],[106.8157,20.7866],[106.8151,20.8061],[106.8286,20.8065],[106.8325,20.8118],[106.8463,20.8053],[106.8481,20.7959],[106.8585,20.7862],[106.8769,20.7867],[106.8772,20.7953],[106.8996,20.7988],[106.9004,20.792],[106.9098,20.7969],[106.8959,20.8123],[106.8813,20.8168],[106.8703,20.8323],[106.8615,20.837],[106.849,20.8282],[106.8494,20.8221],[106.8359,20.8144],[106.8246,20.8299],[106.7939,20.8318],[106.7662,20.8484],[106.7566,20.8655],[106.7543,20.8876],[106.7664,20.9037],[106.7709,20.9167],[106.7703,20.953],[106.7675,20.9769],[106.7589,20.9891],[106.7404,20.998],[106.7256,20.9968],[106.6861,21.0054],[106.653,21.0192],[106.6379,21.0122],[106.623,21.0127],[106.6112,21.0206],[106.6091,21.0299],[106.5761,21.057],[106.5431,21.0541],[106.5329,21.0476],[106.515,21.0468],[106.5176,21.0597],[106.4996,21.0573],[106.4913,21.0657],[106.4746,21.0695],[106.4592,21.0651],[106.4489,21.0695],[106.4407,21.0801],[106.4504,21.0959],[106.4389,21.107],[106.4412,21.1175],[106.4625,21.1159],[106.4728,21.1191],[106.4844,21.1308],[106.4837,21.1452],[106.4786,21.1451],[106.4889,21.1669],[106.4895,21.1803],[106.4966,21.1848],[106.4941,21.1988],[106.5014,21.2023],[106.498,21.2112],[106.5019,21.224],[106.4743,21.2302],[106.4661,21.2262],[106.4554,21.2328],[106.4432,21.2287],[106.4309,21.2315],[106.4162,21.2218],[106.4127,21.2075],[106.3742,21.1954],[106.3741,21.1867],[106.3656,21.1736],[106.3474,21.1736],[106.3457,21.1654],[106.3227,21.1841],[106.324,21.1922],[106.3133,21.1934],[106.3099,21.1792],[106.323,21.1527],[106.3182,21.1372],[106.2994,21.1222],[106.2958,21.1053],[106.3022,21.0873],[106.3026,21.0744],[106.3092,21.056],[106.2932,21.0376],[106.2951,21.0216],[106.2765,21.0065],[106.2731,20.9914],[106.2668,20.9879],[106.2528,20.9966],[106.2447,20.9914],[106.2211,20.9958],[106.2209,20.9898],[106.1914,20.9791],[106.1879,20.981],[106.1675,20.9693],[106.1631,20.9756],[106.1696,20.9848],[106.1607,20.9901],[106.151,20.9885],[106.1381,21.0013],[106.1319,20.9993],[106.1274,20.9835]]],[[[106.9566,20.8735],[106.9428,20.8656],[106.9511,20.86],[106.9469,20.8337],[106.9423,20.8311],[106.935,20.8305],[106.9289,20.826],[106.9204,20.8252],[106.9127,20.8183],[106.9213,20.8059],[106.9175,20.7994],[106.953,20.7938],[106.9628,20.7769],[106.968,20.778],[106.9751,20.7662],[106.9732,20.7573],[106.9659,20.7587],[106.9926,20.7378],[106.9998,20.729],[106.9959,20.7463],[107.0009,20.7507],[107.0117,20.7442],[107.0302,20.7221],[107.0461,20.7256],[107.0596,20.7181],[107.0599,20.739],[107.0546,20.7484],[107.0714,20.7463],[107.0499,20.7552],[107.0333,20.7728],[107.0469,20.766],[107.0479,20.7723],[107.0725,20.7827],[107.0702,20.7919],[107.0541,20.8119],[107.0632,20.815],[107.0645,20.8029],[107.0727,20.7891],[107.0849,20.7774],[107.0969,20.7812],[107.0957,20.7917],[107.0841,20.8006],[107.1052,20.7935],[107.104,20.8056],[107.0774,20.824],[107.0714,20.8152],[107.0627,20.8227],[107.0605,20.8331],[107.0474,20.8243],[107.0439,20.8356],[107.0468,20.8485],[107.0406,20.8496],[107.0349,20.8621],[107.0079,20.8609],[107.0104,20.8411],[107.0045,20.8548],[106.995,20.8617],[106.9838,20.8561],[106.9557,20.8548],[106.9566,20.8735]]],[[[106.9332,20.8445],[106.9222,20.8469],[106.9082,20.8264],[106.913,20.8206],[106.9204,20.8264],[106.9299,20.8275],[106.9261,20.8421],[106.9314,20.8301],[106.9358,20.8316],[106.9416,20.8312],[106.9466,20.835],[106.945,20.844],[106.9332,20.8445]]],[[[107.7219,20.1346],[107.7169,20.1277],[107.731,20.1242],[107.7408,20.1472],[107.7219,20.1346]]],[[[106.9613,20.8773],[106.9668,20.8587],[106.977,20.865],[106.9753,20.8711],[106.9613,20.8773]]],[[[107.0821,20.7742],[107.0881,20.763],[107.0945,20.772],[107.0821,20.7742]]]]},"properties":{"ma_tinh":"31","ten_tinh":"Hải Phòng","sap_nhap":"Hải Dương, Hải Phòng","quy_mo":"114 đơn vị (45 phường, 67 xã và 2 đặc khu: Cát Hải và Bạch Long Vĩ)","tru_so":"Số 18 Hoàng Diệu, Hồng Bàng, Hải Phòng","loai":"Thành phố","cap":1,"stt":4,"dien_tich_km2":3194.73,"dan_so":4664124,"mat_do_km2":1459.94,"lat":20.874078407351284,"lon":106.47570187546894,"GEOlayersRenamed":"Hải Phòng"}},
{"type":"Feature","geometry":{"type":"Polygon","coordinates":[[[107.0812,16.3124],[107.0881,16.3113],[107.1475,16.2697],[107.1567,16.2566],[107.1494,16.2359],[107.1553,16.2325],[107.1445,16.2139],[107.1481,16.2093],[107.1492,16.1897],[107.1602,16.1678],[107.1724,16.1645],[107.1759,16.1578],[107.1991,16.1437],[107.2258,16.1414],[107.244,16.1476],[107.2559,16.1354],[107.2633,16.1367],[107.2726,16.1153],[107.2843,16.1188],[107.3087,16.0804],[107.3198,16.0699],[107.3261,16.0703],[107.33,16.0601],[107.3389,16.0553],[107.3466,16.0622],[107.3659,16.0611],[107.3783,16.074],[107.3895,16.0624],[107.4014,16.0642],[107.4037,16.078],[107.4122,16.0845],[107.4219,16.0784],[107.4403,16.0819],[107.4494,16.0913],[107.4607,16.0712],[107.45,16.0631],[107.4462,16.0538],[107.4482,16.0377],[107.4678,16.0253],[107.4866,16.0409],[107.4962,16.0391],[107.5128,16.0161],[107.5498,16.0113],[107.5604,16.0219],[107.5602,16.0314],[107.5522,16.0418],[107.5719,16.0557],[107.5958,16.0562],[107.6197,16.0641],[107.6261,16.0493],[107.6202,16.0342],[107.641,16.0271],[107.651,16.0192],[107.6641,16.0187],[107.6722,16.0119],[107.677,15.9991],[107.696,15.9947],[107.7076,15.9954],[107.7246,16.0081],[107.7256,16.0275],[107.7438,16.0415],[107.7573,16.0434],[107.7695,16.0512],[107.7739,16.0669],[107.7816,16.0624],[107.7871,16.0679],[107.8085,16.0532],[107.8157,16.0532],[107.8243,16.0693],[107.8216,16.0778],[107.8269,16.09],[107.8373,16.1013],[107.8562,16.1144],[107.8544,16.1224],[107.8602,16.1352],[107.8587,16.1524],[107.8735,16.1579],[107.8764,16.1693],[107.8674,16.1829],[107.8773,16.19],[107.8756,16.1969],[107.8882,16.2004],[107.9048,16.2137],[107.9135,16.2145],[107.9296,16.1975],[107.956,16.1892],[107.9697,16.1942],[107.9882,16.2142],[108.0069,16.204],[108.0143,16.1946],[108.0398,16.19],[108.0597,16.1792],[108.0642,16.1841],[108.0915,16.1803],[108.1005,16.1871],[108.111,16.1821],[108.1247,16.183],[108.1437,16.199],[108.1558,16.2004],[108.1562,16.2057],[108.1711,16.2013],[108.1949,16.2098],[108.1831,16.2156],[108.1688,16.209],[108.1488,16.2212],[108.1429,16.2139],[108.1342,16.218],[108.1189,16.2125],[108.1098,16.2194],[108.0927,16.2251],[108.0574,16.2769],[108.0404,16.3037],[108.0413,16.3141],[108.0344,16.335],[108.0204,16.3439],[108.0217,16.3185],[108.0005,16.3133],[107.9766,16.3177],[107.963,16.3286],[107.9464,16.3472],[107.9399,16.3438],[107.9059,16.367],[107.8891,16.3747],[107.8198,16.4368],[107.7835,16.4681],[107.7163,16.5203],[107.6642,16.5544],[107.6302,16.5729],[107.6221,16.5663],[107.6094,16.5824],[107.5896,16.5916],[107.5357,16.6286],[107.5046,16.6522],[107.4124,16.7258],[107.3883,16.742],[107.3693,16.7332],[107.3558,16.7098],[107.3581,16.6986],[107.3501,16.6968],[107.3368,16.6841],[107.3336,16.6755],[107.3182,16.662],[107.3229,16.6537],[107.3069,16.6407],[107.3155,16.6373],[107.3104,16.625],[107.3193,16.6212],[107.334,16.5996],[107.3242,16.5982],[107.3266,16.5863],[107.3125,16.5794],[107.3031,16.5839],[107.2913,16.5808],[107.2711,16.5659],[107.2554,16.5738],[107.2448,16.5875],[107.2285,16.5795],[107.2063,16.5788],[107.2026,16.5827],[107.1786,16.5765],[107.1694,16.5787],[107.1282,16.5657],[107.1216,16.552],[107.1018,16.5527],[107.0745,16.5424],[107.0615,16.5459],[107.0624,16.5369],[107.0555,16.5242],[107.0677,16.5105],[107.0796,16.5089],[107.0819,16.5031],[107.0952,16.5044],[107.0986,16.4911],[107.106,16.4952],[107.1197,16.4879],[107.1299,16.4753],[107.1356,16.459],[107.1296,16.4493],[107.1487,16.4344],[107.1407,16.4152],[107.141,16.4061],[107.153,16.3894],[107.14,16.3896],[107.1294,16.3841],[107.1099,16.3862],[107.0936,16.404],[107.072,16.4028],[107.0614,16.4117],[107.0563,16.4004],[107.0582,16.3845],[107.045,16.3798],[107.0346,16.3572],[107.0409,16.3503],[107.062,16.3475],[107.063,16.3324],[107.0817,16.3204],[107.0812,16.3124]]]},"properties":{"ma_tinh":"46","ten_tinh":"Huế","sap_nhap":"không sáp nhập","quy_mo":"40 đơn vị (21 phường, 19 xã)","tru_so":"Số 16 Lê Lợi, Thuận Hóa, Huế","loai":"Thành phố","cap":1,"stt":20,"dien_tich_km2":4947.14,"dan_so":1432986,"mat_do_km2":289.66,"lat":16.330725226124837,"lon":107.51944430126711,"GEOlayersRenamed":"Huế"}},
{"type":"Feature","geometry":{"type":"Polygon","coordinates":[[[106.0032,20.7036],[106.024,20.6965],[106.0375,20.6717],[106.0325,20.6452],[106.0364,20.6311],[106.0542,20.6116],[106.0769,20.6031],[106.1035,20.6178],[106.1253,20.6146],[106.1288,20.605],[106.1297,20.5831],[106.1363,20.5714],[106.166,20.5584],[106.1731,20.5463],[106.1793,20.5214],[106.1783,20.5003],[106.189,20.48],[106.2076,20.4796],[106.2186,20.4758],[106.2255,20.4648],[106.2204,20.4457],[106.2105,20.4313],[106.2111,20.4217],[106.2191,20.4122],[106.2336,20.4059],[106.2635,20.406],[106.281,20.4018],[106.2867,20.3877],[106.2793,20.3756],[106.2583,20.3606],[106.2523,20.3486],[106.2611,20.3282],[106.2705,20.3267],[106.2939,20.3392],[106.3386,20.3771],[106.3434,20.3748],[106.3554,20.3543],[106.3756,20.3444],[106.3983,20.3389],[106.4083,20.3305],[106.4327,20.2993],[106.4488,20.2913],[106.4756,20.2909],[106.4955,20.3069],[106.5313,20.3139],[106.5392,20.303],[106.5765,20.2685],[106.5852,20.2633],[106.5918,20.249],[106.6004,20.2577],[106.6064,20.2764],[106.6161,20.319],[106.6192,20.3472],[106.6134,20.3806],[106.6076,20.3885],[106.5949,20.3927],[106.5965,20.4001],[106.6106,20.4225],[106.6191,20.4409],[106.6162,20.4505],[106.5978,20.4601],[106.596,20.4701],[106.602,20.4781],[106.5905,20.4956],[106.5981,20.4974],[106.5844,20.5157],[106.5898,20.5405],[106.5806,20.5573],[106.5895,20.5541],[106.6115,20.5807],[106.6223,20.5791],[106.6544,20.6024],[106.6588,20.61],[106.6494,20.6195],[106.6343,20.6279],[106.6225,20.6251],[106.6095,20.6283],[106.6016,20.6394],[106.5852,20.6271],[106.5687,20.6196],[106.5614,20.6253],[106.5473,20.6272],[106.5417,20.6227],[106.5398,20.6082],[106.5192,20.6026],[106.5151,20.6118],[106.4932,20.6167],[106.4813,20.5989],[106.4724,20.598],[106.4642,20.6153],[106.4507,20.6196],[106.4552,20.6389],[106.4391,20.6613],[106.4257,20.6692],[106.4026,20.6938],[106.414,20.7065],[106.4171,20.7169],[106.4027,20.729],[106.3828,20.7117],[106.361,20.7021],[106.3498,20.7009],[106.3387,20.7114],[106.3027,20.69],[106.2933,20.6966],[106.2937,20.7072],[106.2864,20.7112],[106.2835,20.7029],[106.2886,20.6947],[106.2761,20.6928],[106.2675,20.7029],[106.2494,20.6966],[106.2579,20.6878],[106.2489,20.6863],[106.2445,20.6952],[106.2277,20.7052],[106.2244,20.7165],[106.2114,20.7316],[106.219,20.7363],[106.2149,20.7506],[106.2035,20.752],[106.1926,20.7658],[106.1813,20.7632],[106.1655,20.7849],[106.1579,20.7798],[106.1481,20.7854],[106.1312,20.8067],[106.1406,20.8143],[106.1383,20.8225],[106.1254,20.8288],[106.1294,20.8382],[106.1261,20.8478],[106.1368,20.8503],[106.1416,20.8577],[106.1474,20.8881],[106.1394,20.8931],[106.1366,20.9043],[106.1553,20.9173],[106.1482,20.9291],[106.1506,20.9447],[106.159,20.9514],[106.1351,20.9603],[106.1382,20.9751],[106.1274,20.9835],[106.1272,20.9835],[106.1149,20.9832],[106.1157,20.9959],[106.1022,20.9973],[106.0932,21.0054],[106.0836,21.0047],[106.0799,20.9957],[106.0596,21.0003],[106.0512,21.007],[106.0289,20.993],[106.0128,21.0022],[106.0009,21.0012],[105.9719,20.9971],[105.9722,20.9897],[105.9613,20.9884],[105.964,20.9634],[105.9324,20.9736],[105.9145,20.9746],[105.9031,20.9472],[105.9148,20.9373],[105.9084,20.9264],[105.9138,20.9157],[105.8945,20.9006],[105.8986,20.8909],[105.925,20.8782],[105.9358,20.8651],[105.9319,20.8506],[105.9129,20.8368],[105.9113,20.8192],[105.9184,20.7978],[105.9312,20.7849],[105.9637,20.7775],[105.9692,20.7687],[105.9681,20.7336],[105.9642,20.7249],[105.9733,20.7006],[106.0032,20.7036]]]},"properties":{"ma_tinh":"33","ten_tinh":"Hưng Yên","sap_nhap":"Hưng Yên, Thái Bình","quy_mo":"104 đơn vị (11 phường, 93 xã)","tru_so":"Số 10 Chùa Chuông, Phố Hiến, Hưng Yên","loai":"Tỉnh","cap":1,"stt":5,"dien_tich_km2":2514.81,"dan_so":3567943,"mat_do_km2":1418.77,"lat":20.61501776099457,"lon":106.27618551594203,"GEOlayersRenamed":"Hưng Yên"}},
{"type":"Feature","geometry":{"type":"MultiPolygon","coordinates":[[[[108.8663,11.3335],[108.8863,11.3375],[108.8997,11.3253],[108.9243,11.3106],[108.9619,11.3163],[108.9889,11.3365],[108.9924,11.3474],[109.0049,11.3554],[109.0149,11.3562],[109.0207,11.3686],[109.0113,11.374],[109.0059,11.3943],[109.006,11.4105],[109.0118,11.4167],[109.0134,11.4343],[109.0086,11.4452],[109.0134,11.4541],[109.0151,11.4742],[109.0115,11.5003],[109.0128,11.5158],[109.0192,11.5304],[109.029,11.5372],[109.0362,11.5511],[109.0273,11.5565],[109.0257,11.5739],[109.0366,11.588],[109.0513,11.5888],[109.0638,11.5818],[109.0903,11.5876],[109.1239,11.5729],[109.1394,11.5837],[109.1522,11.6198],[109.1661,11.6214],[109.174,11.6487],[109.1732,11.6631],[109.177,11.677],[109.1892,11.6832],[109.1989,11.7058],[109.2029,11.7062],[109.1973,11.7214],[109.2064,11.7146],[109.2136,11.72],[109.2212,11.7168],[109.2333,11.7274],[109.2278,11.7526],[109.2113,11.7606],[109.2121,11.7713],[109.1876,11.7888],[109.1855,11.8063],[109.1918,11.8146],[109.1815,11.8176],[109.1823,11.8303],[109.1774,11.8429],[109.1799,11.856],[109.1923,11.8721],[109.1875,11.8767],[109.1669,11.8514],[109.1441,11.8203],[109.1293,11.8219],[109.1204,11.8334],[109.1136,11.8523],[109.1303,11.9037],[109.129,11.9103],[109.1409,11.9096],[109.1468,11.8955],[109.1513,11.9042],[109.1666,11.9156],[109.1899,11.9402],[109.1863,11.9469],[109.1976,11.9647],[109.1989,11.9755],[109.2065,11.9816],[109.1973,11.9952],[109.2035,12.0173],[109.1991,12.0261],[109.1757,12.0407],[109.1707,12.0478],[109.1724,12.0653],[109.1786,12.0683],[109.1766,12.0845],[109.1548,12.1019],[109.1639,12.1188],[109.1746,12.1174],[109.1817,12.1084],[109.1714,12.1018],[109.1777,12.092],[109.184,12.0515],[109.1888,12.0545],[109.1937,12.0433],[109.1999,12.0427],[109.2071,12.0131],[109.2058,11.999],[109.2152,11.9662],[109.214,11.9564],[109.2054,11.952],[109.2146,11.9438],[109.2137,11.928],[109.2055,11.9278],[109.2105,11.9155],[109.2067,11.9044],[109.2047,11.8794],[109.2147,11.8829],[109.233,11.8801],[109.2504,11.8599],[109.2602,11.8656],[109.2711,11.8653],[109.2811,11.8802],[109.2628,11.9017],[109.2585,11.9244],[109.2615,11.9318],[109.2724,11.9344],[109.277,11.9507],[109.2706,11.9556],[109.2724,11.9698],[109.2472,11.9863],[109.2183,12.0294],[109.2023,12.0633],[109.1955,12.0887],[109.1946,12.1073],[109.1992,12.1186],[109.2119,12.123],[109.2142,12.1372],[109.2237,12.141],[109.2222,12.1526],[109.201,12.1639],[109.2095,12.1844],[109.2048,12.1903],[109.2175,12.1993],[109.2166,12.2117],[109.2037,12.2229],[109.1982,12.2357],[109.1971,12.255],[109.2058,12.2665],[109.2026,12.2758],[109.2067,12.2901],[109.2178,12.2948],[109.2368,12.2953],[109.2426,12.3058],[109.2355,12.3075],[109.2125,12.3239],[109.202,12.3358],[109.1957,12.3601],[109.1966,12.3775],[109.2013,12.3888],[109.1975,12.3988],[109.1729,12.4078],[109.1625,12.4056],[109.1605,12.419],[109.1514,12.4288],[109.1636,12.4343],[109.1767,12.4567],[109.1946,12.4419],[109.2072,12.4381],[109.2309,12.412],[109.2427,12.4053],[109.2456,12.3959],[109.2645,12.3749],[109.2609,12.3625],[109.2817,12.3496],[109.2942,12.347],[109.2992,12.3522],[109.3023,12.3809],[109.3117,12.3893],[109.3277,12.373],[109.3254,12.3844],[109.3369,12.3879],[109.342,12.3992],[109.3368,12.4086],[109.3288,12.4077],[109.3196,12.4182],[109.3108,12.4158],[109.2932,12.4232],[109.2856,12.4448],[109.2928,12.4616],[109.2948,12.4797],[109.2846,12.489],[109.2773,12.4859],[109.2578,12.5033],[109.239,12.5093],[109.2304,12.5355],[109.2323,12.5617],[109.2434,12.5759],[109.2436,12.586],[109.2301,12.5925],[109.2114,12.5689],[109.1989,12.5691],[109.196,12.5756],[109.2034,12.5905],[109.2006,12.6055],[109.2054,12.6157],[109.1912,12.6244],[109.1927,12.6371],[109.2036,12.6498],[109.2115,12.6466],[109.2162,12.6539],[109.2105,12.6683],[109.2296,12.6953],[109.2567,12.7065],[109.283,12.7327],[109.3044,12.7607],[109.3249,12.7653],[109.331,12.7932],[109.3445,12.7998],[109.3526,12.7989],[109.3552,12.7865],[109.3532,12.7638],[109.3623,12.7424],[109.3795,12.7116],[109.3685,12.708],[109.371,12.6946],[109.3488,12.685],[109.344,12.6657],[109.3314,12.6629],[109.3377,12.6517],[109.3496,12.6627],[109.3622,12.6505],[109.3701,12.6559],[109.3663,12.6658],[109.3744,12.6743],[109.38,12.6699],[109.3947,12.6722],[109.3939,12.684],[109.4022,12.6705],[109.4064,12.6713],[109.4114,12.6495],[109.4094,12.6345],[109.3905,12.6305],[109.398,12.6081],[109.4144,12.6034],[109.4163,12.5765],[109.4278,12.576],[109.4324,12.5623],[109.4404,12.5685],[109.4367,12.5926],[109.4294,12.6013],[109.4356,12.606],[109.4326,12.624],[109.4391,12.6482],[109.4543,12.6506],[109.4595,12.6601],[109.4537,12.6685],[109.4424,12.6641],[109.4404,12.672],[109.4258,12.6693],[109.4107,12.6927],[109.4175,12.7041],[109.4032,12.702],[109.3787,12.7436],[109.3702,12.7631],[109.3598,12.7946],[109.3571,12.819],[109.3655,12.8369],[109.3765,12.8364],[109.3882,12.8427],[109.3655,12.869],[109.3617,12.8598],[109.3492,12.8572],[109.3406,12.8477],[109.3303,12.8499],[109.32,12.8359],[109.3119,12.8433],[109.2999,12.8417],[109.2836,12.8329],[109.2546,12.8382],[109.2527,12.8334],[109.2302,12.8147],[109.2194,12.8168],[109.2145,12.8275],[109.1987,12.8297],[109.1664,12.8267],[109.1507,12.7972],[109.1451,12.782],[109.1312,12.7863],[109.1234,12.7981],[109.0917,12.7635],[109.0928,12.7516],[109.0844,12.7431],[109.0681,12.7536],[109.0592,12.7442],[109.0487,12.7476],[109.0372,12.744],[109.0382,12.7367],[109.0248,12.7362],[109.0146,12.7279],[109.0196,12.723],[109.0087,12.7191],[108.9866,12.7039],[108.9893,12.6928],[108.9782,12.6821],[108.9555,12.6872],[108.9375,12.6599],[108.9409,12.6473],[108.9261,12.6401],[108.9081,12.639],[108.8963,12.625],[108.906,12.6214],[108.9191,12.6001],[108.9005,12.5822],[108.8923,12.5801],[108.8929,12.5499],[108.8802,12.5385],[108.8727,12.5254],[108.8781,12.5142],[108.8606,12.4954],[108.8787,12.4801],[108.8639,12.453],[108.8346,12.4693],[108.8194,12.4755],[108.8089,12.4853],[108.7992,12.4812],[108.7918,12.4998],[108.7785,12.5056],[108.7636,12.4979],[108.7506,12.4975],[108.7483,12.4804],[108.7389,12.4759],[108.7155,12.4839],[108.6995,12.4719],[108.6991,12.4612],[108.6866,12.4497],[108.6728,12.4319],[108.6693,12.4225],[108.6796,12.4148],[108.6728,12.4018],[108.6859,12.3883],[108.6833,12.3792],[108.6893,12.3737],[108.6768,12.3482],[108.6852,12.3229],[108.68,12.3162],[108.6893,12.3157],[108.7074,12.2989],[108.7013,12.2906],[108.7059,12.2543],[108.6996,12.2454],[108.7018,12.2375],[108.7181,12.2255],[108.7222,12.2179],[108.7106,12.1897],[108.7206,12.18],[108.7206,12.1725],[108.7289,12.1612],[108.7258,12.1563],[108.7069,12.1553],[108.6937,12.1465],[108.6932,12.1294],[108.6857,12.1301],[108.6753,12.1186],[108.6939,12.105],[108.7052,12.0901],[108.7076,12.0715],[108.7126,12.0626],[108.703,12.0412],[108.694,12.0409],[108.6912,12.0294],[108.6799,12.0105],[108.6853,11.9915],[108.6618,11.9618],[108.6599,11.9507],[108.6655,11.938],[108.6617,11.925],[108.664,11.9141],[108.6553,11.901],[108.6555,11.8864],[108.6502,11.8639],[108.6532,11.8462],[108.6431,11.8324],[108.6258,11.8315],[108.626,11.8135],[108.6198,11.8034],[108.6366,11.7939],[108.6554,11.7925],[108.6726,11.7832],[108.6629,11.7615],[108.6669,11.7477],[108.6895,11.7328],[108.6958,11.7091],[108.7011,11.6991],[108.6924,11.6976],[108.6782,11.6694],[108.6687,11.6638],[108.659,11.6688],[108.6534,11.6645],[108.6198,11.6514],[108.5946,11.6486],[108.5849,11.6408],[108.5623,11.6425],[108.553,11.6315],[108.5516,11.601],[108.5666,11.5814],[108.5718,11.5792],[108.5824,11.5559],[108.6437,11.5507],[108.6589,11.5048],[108.6638,11.5007],[108.6788,11.4734],[108.7135,11.4618],[108.7249,11.4693],[108.7618,11.4705],[108.7572,11.4114],[108.7833,11.3939],[108.785,11.3883],[108.8016,11.3833],[108.844,11.3771],[108.8455,11.366],[108.8655,11.3518],[108.8766,11.3544],[108.8761,11.3404],[108.8663,11.3335]]],[[[117.1628,10.751],[117.142,10.7448],[117.1346,10.7289],[117.1359,10.69],[117.1319,10.6543],[117.1362,10.6289],[117.1426,10.6095],[117.1542,10.5983],[117.1837,10.582],[117.196,10.5863],[117.2037,10.6092],[117.1976,10.637],[117.2089,10.6581],[117.2384,10.6699],[117.2812,10.6794],[117.3096,10.6788],[117.3259,10.6637],[117.3322,10.6179],[117.3393,10.6009],[117.3529,10.5943],[117.3761,10.5992],[117.3909,10.6171],[117.3933,10.696],[117.3829,10.7204],[117.364,10.7308],[117.3408,10.7264],[117.3257,10.7265],[117.2964,10.7356],[117.2723,10.7361],[117.2086,10.7335],[117.1868,10.7608],[117.176,10.7618],[117.1628,10.751]]],[[[116.6105,10.3287],[116.6557,10.3371],[116.6765,10.3288],[116.6913,10.3296],[116.7095,10.335],[116.7206,10.342],[116.7359,10.3451],[116.7718,10.3581],[116.7958,10.3791],[116.809,10.3957],[116.821,10.4244],[116.8433,10.4657],[116.8638,10.4734],[116.8762,10.4895],[116.9145,10.5153],[116.9377,10.525],[116.9515,10.5455],[116.9513,10.5565],[116.945,10.5638],[116.933,10.5655],[116.9075,10.5549],[116.876,10.5649],[116.8654,10.571],[116.8593,10.5833],[116.8379,10.6011],[116.8212,10.627],[116.8269,10.658],[116.8404,10.6686],[116.8382,10.677],[116.8225,10.6829],[116.8135,10.6931],[116.796,10.6758],[116.7775,10.6642],[116.77,10.6548],[116.7485,10.6436],[116.7315,10.6378],[116.7053,10.6199],[116.708,10.6147],[116.734,10.6224],[116.7782,10.6424],[116.797,10.6369],[116.8109,10.6085],[116.8503,10.5748],[116.8673,10.5582],[116.8871,10.5309],[116.8906,10.5201],[116.8867,10.5119],[116.8677,10.5035],[116.8509,10.4886],[116.8315,10.4797],[116.8247,10.4616],[116.8114,10.4388],[116.808,10.4213],[116.7843,10.39],[116.7765,10.3834],[116.7548,10.3745],[116.7481,10.3618],[116.7259,10.3585],[116.6991,10.348],[116.6575,10.3478],[116.6231,10.3439],[116.6062,10.3494],[116.5974,10.3467],[116.5845,10.3339],[116.5542,10.3253],[116.5407,10.3135],[116.526,10.314],[116.5069,10.3329],[116.506,10.3466],[116.5117,10.3586],[116.5275,10.3768],[116.5259,10.3933],[116.5348,10.4038],[116.5421,10.4279],[116.5331,10.4327],[116.5124,10.4246],[116.4869,10.3972],[116.4759,10.3779],[116.478,10.3505],[116.4756,10.3421],[116.463,10.3268],[116.4618,10.3139],[116.4691,10.2954],[116.485,10.2846],[116.5029,10.2842],[116.5248,10.2967],[116.5454,10.2944],[116.5852,10.3194],[116.6105,10.3287]]],[[[109.9832,7.8209],[110.0279,7.8603],[110.069,7.9134],[110.0716,7.9372],[110.0646,7.9539],[110.0423,7.9862],[110.0175,8.0079],[110.0033,8.0247],[109.9902,8.0248],[109.9743,7.9845],[109.9603,7.9659],[109.9437,7.955],[109.9247,7.9523],[109.9054,7.9529],[109.9039,7.9415],[109.9137,7.9271],[109.9287,7.9159],[109.9428,7.8933],[109.9452,7.8815],[109.9441,7.8498],[109.941,7.8188],[109.9516,7.8087],[109.9681,7.8117],[109.9832,7.8209]]],[[[114.479,10.7023],[114.4925,10.6945],[114.5157,10.7026],[114.5214,10.7189],[114.5351,10.7242],[114.5569,10.7429],[114.5623,10.7437],[114.5663,10.7685],[114.564,10.7826],[114.5735,10.8244],[114.5863,10.8411],[114.5871,10.885],[114.5766,10.8908],[114.5678,10.8796],[114.5719,10.8724],[114.5659,10.8649],[114.556,10.8658],[114.5346,10.8526],[114.5239,10.8348],[114.5014,10.828],[114.5028,10.8119],[114.4845,10.8014],[114.4757,10.8063],[114.4703,10.7994],[114.4773,10.7882],[114.4659,10.7786],[114.4647,10.7663],[114.442,10.7617],[114.4375,10.7581],[114.4378,10.7428],[114.4228,10.7404],[114.4032,10.7323],[114.4032,10.7208],[114.391,10.7024],[114.3822,10.7028],[114.3849,10.6937],[114.4035,10.6908],[114.4076,10.6739],[114.4169,10.6836],[114.4282,10.686],[114.4416,10.6764],[114.4486,10.6863],[114.457,10.688],[114.4632,10.7012],[114.479,10.7023]]],[[[114.6883,11.0375],[114.6919,11.0263],[114.6799,11.011],[114.6907,10.9996],[114.7016,11.0012],[114.723,11.0148],[114.7473,11.035],[114.7689,11.06],[114.785,11.0879],[114.7987,11.0877],[114.8087,11.1061],[114.8133,11.1366],[114.808,11.1571],[114.7887,11.1634],[114.7793,11.1616],[114.7602,11.1513],[114.7494,11.1409],[114.7251,11.149],[114.7234,11.1398],[114.7285,11.1258],[114.7274,11.1149],[114.7186,11.0962],[114.707,11.0901],[114.6793,11.0893],[114.6653,11.0718],[114.6458,11.0589],[114.6319,11.0444],[114.6205,11.0204],[114.632,11.0027],[114.6474,11.0073],[114.66,11.0263],[114.6741,11.0356],[114.6883,11.0375]]],[[[116.6267,10.4774],[116.6299,10.4552],[116.6225,10.4483],[116.6233,10.4346],[116.6161,10.4251],[116.6036,10.4195],[116.5873,10.4058],[116.5913,10.3926],[116.6028,10.3958],[116.6396,10.4159],[116.6593,10.4223],[116.69,10.417],[116.6972,10.4218],[116.7105,10.4432],[116.7176,10.469],[116.7387,10.5018],[116.7419,10.5177],[116.7416,10.5356],[116.7341,10.5544],[116.7197,10.5625],[116.677,10.5596],[116.6682,10.5572],[116.6528,10.5413],[116.632,10.5091],[116.6267,10.4774]]],[[[117.2664,10.9924],[117.2866,11.0016],[117.3115,11.0374],[117.3199,11.082],[117.3111,11.1241],[117.2965,11.1434],[117.284,11.1459],[117.2642,11.1381],[117.2371,11.1173],[117.2227,11.0987],[117.2226,11.0873],[117.2367,11.0344],[117.2506,10.9974],[117.2664,10.9924]]],[[[114.5509,8.1144],[114.5626,8.1176],[114.5865,8.1188],[114.602,8.1162],[114.6194,8.1186],[114.6301,8.1025],[114.6415,8.0964],[114.6393,8.1049],[114.6221,8.1257],[114.609,8.1301],[114.6311,8.137],[114.6654,8.1397],[114.6753,8.1475],[114.7004,8.1546],[114.7076,8.1647],[114.7157,8.163],[114.7169,8.1544],[114.7309,8.154],[114.7506,8.1456],[114.7846,8.126],[114.7846,8.1184],[114.767,8.0998],[114.7466,8.0901],[114.702,8.0928],[114.6732,8.0875],[114.6438,8.0919],[114.651,8.0818],[114.6854,8.0831],[114.7049,8.0869],[114.7325,8.0805],[114.7454,8.083],[114.7654,8.0918],[114.7837,8.1035],[114.8031,8.1201],[114.7992,8.1351],[114.79,8.1431],[114.776,8.1454],[114.7666,8.1558],[114.7597,8.17],[114.7343,8.1728],[114.7081,8.1862],[114.6951,8.1832],[114.6812,8.1703],[114.6669,8.1619],[114.6571,8.1619],[114.6435,8.1549],[114.6284,8.1544],[114.5958,8.1491],[114.5814,8.1413],[114.5709,8.1424],[114.5605,8.1343],[114.5311,8.1339],[114.5101,8.1131],[114.5248,8.1082],[114.5509,8.1144]]],[[[114.0353,8.7764],[114.0441,8.7703],[114.06,8.7731],[114.0534,8.7976],[114.0374,8.8047],[114.0294,8.8263],[114.0164,8.8257],[114,8.8351],[113.9788,8.8381],[113.9357,8.8365],[113.9251,8.8431],[113.9062,8.8452],[113.8926,8.829],[113.8956,8.824],[113.9431,8.8033],[113.9639,8.791],[113.9832,8.7852],[113.9954,8.7756],[114.0306,8.7788],[114.0353,8.7764]]],[[[111.9184,8.1507],[111.9239,8.128],[111.94,8.1204],[111.9749,8.1176],[112.0061,8.1252],[112.0166,8.1373],[112.0191,8.1485],[112.0139,8.1729],[111.9974,8.1811],[111.9798,8.1832],[111.9434,8.181],[111.9206,8.1682],[111.9184,8.1507]]],[[[113.9682,7.6239],[113.9432,7.6333],[113.9213,7.6373],[113.9173,7.6348],[113.925,7.6052],[113.9556,7.6105],[113.9663,7.6067],[114,7.6192],[114.014,7.6389],[114.0246,7.6459],[114.0339,7.6587],[114.05,7.6635],[114.079,7.6943],[114.1021,7.6953],[114.1125,7.7009],[114.1226,7.7153],[114.137,7.7241],[114.1473,7.7166],[114.1413,7.702],[114.1522,7.7003],[114.1575,7.6937],[114.1692,7.6997],[114.1595,7.7081],[114.1471,7.7338],[114.1401,7.7396],[114.1183,7.7399],[114.0931,7.7254],[114.0846,7.714],[114.0607,7.703],[114.0588,7.6966],[114.0447,7.6829],[114.0344,7.6777],[114.0217,7.6598],[114.0116,7.654],[113.9928,7.6507],[113.9917,7.6369],[113.9812,7.6248],[113.9682,7.6239]]],[[[110.5829,8.17],[110.5911,8.1748],[110.5938,8.1864],[110.5868,8.2078],[110.572,8.2134],[110.5509,8.2158],[110.5312,8.2118],[110.5167,8.2036],[110.4843,8.1778],[110.4569,8.1582],[110.4346,8.1515],[110.4326,8.1425],[110.4546,8.1382],[110.4924,8.1522],[110.5077,8.1701],[110.5281,8.1771],[110.5419,8.1777],[110.5703,8.1688],[110.5829,8.17]]],[[[109.8343,7.5556],[109.8528,7.5555],[109.8628,7.5513],[109.8694,7.5591],[109.8473,7.5881],[109.8302,7.6012],[109.82,7.6042],[109.784,7.6003],[109.7605,7.5997],[109.741,7.5881],[109.734,7.5723],[109.74,7.5635],[109.7762,7.5658],[109.7984,7.5557],[109.8343,7.5556]]],[[[115.8739,10.7716],[115.8704,10.7891],[115.8601,10.8008],[115.8482,10.8078],[115.8329,10.8314],[115.8156,10.812],[115.8051,10.787],[115.8101,10.7671],[115.8093,10.7459],[115.8005,10.7357],[115.8052,10.7104],[115.8164,10.6827],[115.8367,10.6876],[115.8268,10.7237],[115.8124,10.7262],[115.817,10.7341],[115.8155,10.76],[115.8285,10.7635],[115.8173,10.7763],[115.8163,10.7843],[115.8424,10.7887],[115.8574,10.7749],[115.8493,10.7765],[115.8543,10.766],[115.8673,10.7861],[115.8646,10.7728],[115.8717,10.7664],[115.8702,10.7547],[115.8575,10.7534],[115.8597,10.7371],[115.8703,10.7202],[115.8756,10.7261],[115.8828,10.7132],[115.8791,10.6975],[115.8729,10.6898],[115.8842,10.6803],[115.8811,10.6655],[115.8994,10.6982],[115.8931,10.7071],[115.8739,10.7716]]],[[[113.2888,8.1315],[113.3075,8.1499],[113.324,8.1698],[113.3494,8.2148],[113.3542,8.2309],[113.3613,8.2674],[113.3628,8.2845],[113.3581,8.2902],[113.3445,8.2652],[113.3467,8.2496],[113.3408,8.2286],[113.3285,8.2142],[113.3022,8.1959],[113.289,8.1786],[113.2728,8.1375],[113.2563,8.1186],[113.2477,8.1031],[113.2368,8.0965],[113.2212,8.0772],[113.2231,8.0723],[113.2403,8.0813],[113.2613,8.1016],[113.2888,8.1315]]],[[[116.2808,11.6973],[116.28,11.6859],[116.268,11.6508],[116.2557,11.6362],[116.2325,11.6033],[116.2353,11.5892],[116.2456,11.5827],[116.2615,11.5809],[116.2576,11.6016],[116.2602,11.6191],[116.2826,11.6506],[116.3046,11.6533],[116.3072,11.628],[116.3128,11.6224],[116.323,11.649],[116.324,11.6647],[116.3121,11.704],[116.3076,11.7286],[116.2939,11.7324],[116.2833,11.7134],[116.2808,11.6973]]],[[[116.1976,11.4562],[116.206,11.4699],[116.223,11.4881],[116.2384,11.4933],[116.2363,11.5063],[116.227,11.5069],[116.1973,11.4842],[116.2076,11.5434],[116.1933,11.5435],[116.1878,11.532],[116.154,11.4841],[116.1526,11.4741],[116.1637,11.4727],[116.1739,11.4843],[116.1899,11.5205],[116.1958,11.5212],[116.1963,11.5097],[116.1871,11.4761],[116.1654,11.3816],[116.1422,11.2931],[116.1392,11.2724],[116.1465,11.2721],[116.1511,11.287],[116.1846,11.4237],[116.1901,11.4498],[116.1976,11.4562]]],[[[109.3331,12.6354],[109.319,12.6397],[109.3049,12.6306],[109.3024,12.6204],[109.3082,12.6107],[109.3202,12.6065],[109.3271,12.6094],[109.3395,12.6022],[109.338,12.5915],[109.3602,12.5817],[109.3736,12.5665],[109.3826,12.5667],[109.4018,12.5487],[109.4133,12.5572],[109.4007,12.5706],[109.3949,12.5852],[109.3977,12.5925],[109.3851,12.6054],[109.3856,12.6236],[109.365,12.6324],[109.3555,12.6261],[109.3331,12.6354]]],[[[115.742,10.4604],[115.7329,10.4667],[115.7116,10.4721],[115.7315,10.4574],[115.7427,10.4548],[115.7898,10.4545],[115.7943,10.4833],[115.8011,10.5016],[115.8032,10.5389],[115.791,10.5418],[115.7712,10.5333],[115.7331,10.5385],[115.7125,10.5098],[115.6996,10.4868],[115.7093,10.4769],[115.7217,10.4974],[115.7225,10.5049],[115.7339,10.5051],[115.7276,10.5189],[115.7392,10.5099],[115.75,10.5186],[115.7708,10.5153],[115.7764,10.5067],[115.7668,10.483],[115.7677,10.4746],[115.7852,10.472],[115.766,10.458],[115.7524,10.4564],[115.742,10.4604]]],[[[114.4394,7.9531],[114.4127,7.9515],[114.3948,7.9313],[114.3965,7.9195],[114.3785,7.9101],[114.3642,7.9077],[114.351,7.9212],[114.3371,7.9269],[114.3248,7.923],[114.2982,7.904],[114.2957,7.8891],[114.2694,7.8653],[114.2659,7.8587],[114.2776,7.8573],[114.3006,7.8732],[114.3113,7.8975],[114.3184,7.9057],[114.332,7.9065],[114.3385,7.901],[114.3462,7.904],[114.3686,7.8971],[114.3945,7.9032],[114.4153,7.9028],[114.4154,7.9234],[114.4317,7.9374],[114.4453,7.9318],[114.4555,7.9365],[114.4489,7.948],[114.4394,7.9531]]],[[[116.0632,11.1185],[116.0701,11.0999],[116.0773,11.0938],[116.0929,11.0665],[116.1016,11.0685],[116.1039,11.0861],[116.0975,11.0976],[116.0919,11.1344],[116.0831,11.1613],[116.0682,11.1923],[116.0416,11.2196],[116.0332,11.2211],[116.0326,11.2116],[116.054,11.1792],[116.0632,11.1185]]],[[[112.2311,8.8394],[112.2641,8.8714],[112.2658,8.8873],[112.2555,8.8943],[112.2313,8.8873],[112.2106,8.8852],[112.1923,8.8764],[112.1767,8.8551],[112.1782,8.8464],[112.2071,8.8385],[112.2159,8.8326],[112.2311,8.8394]]],[[[112.662,8.8216],[112.6616,8.8287],[112.6135,8.8448],[112.5909,8.8469],[112.5728,8.8442],[112.5473,8.8475],[112.5423,8.8418],[112.5435,8.8308],[112.5517,8.812],[112.5584,8.8077],[112.5798,8.8065],[112.5948,8.8124],[112.6202,8.8166],[112.6381,8.8157],[112.662,8.8216]]],[[[116.1752,10.7267],[116.1653,10.729],[116.1619,10.7123],[116.1661,10.6861],[116.1604,10.6626],[116.1598,10.6049],[116.1765,10.6058],[116.1845,10.6114],[116.2052,10.6398],[116.1999,10.6533],[116.1779,10.6838],[116.1745,10.694],[116.1752,10.7267]]],[[[113.0513,9.6563],[113.0604,9.674],[113.0588,9.6869],[113.0528,9.6884],[113.0311,9.6754],[113.0179,9.6719],[112.9957,9.6594],[112.9803,9.6608],[112.9644,9.6556],[112.9647,9.6475],[112.9558,9.6529],[112.9563,9.6388],[112.985,9.6429],[113.0036,9.6332],[113.0121,9.622],[113.0223,9.6321],[113.0407,9.6433],[113.0513,9.6563]]],[[[110.6296,8.0683],[110.6157,8.0796],[110.6056,8.0792],[110.5923,8.0681],[110.5865,8.0536],[110.5865,8.0332],[110.5934,8.0195],[110.6098,8.0047],[110.6174,8.0034],[110.6276,8.0138],[110.6394,8.0464],[110.6396,8.0538],[110.6296,8.0683]]],[[[114.1153,10.9336],[114.1128,10.9419],[114.1003,10.955],[114.0846,10.9557],[114.0683,10.9448],[114.0597,10.9291],[114.0494,10.9213],[114.0461,10.9116],[114.0512,10.9024],[114.0643,10.8969],[114.085,10.8965],[114.1107,10.9131],[114.1153,10.9336]]],[[[109.2872,12.2296],[109.2736,12.2294],[109.264,12.2358],[109.2611,12.2203],[109.2342,12.2325],[109.2301,12.2247],[109.2392,12.2234],[109.2377,12.2152],[109.2583,12.1995],[109.2696,12.1973],[109.2731,12.1884],[109.2846,12.1805],[109.2952,12.1851],[109.2897,12.1953],[109.301,12.2045],[109.2981,12.1922],[109.3102,12.1898],[109.3232,12.1941],[109.3166,12.186],[109.3356,12.1939],[109.3278,12.2006],[109.3315,12.2174],[109.3158,12.2269],[109.3049,12.2137],[109.2985,12.2285],[109.2872,12.2296]]],[[[111.5615,7.5682],[111.5857,7.5912],[111.596,7.5931],[111.6141,7.5892],[111.6285,7.6049],[111.6007,7.6109],[111.5762,7.6073],[111.552,7.6147],[111.546,7.6075],[111.5386,7.5602],[111.532,7.5381],[111.5484,7.5331],[111.556,7.5442],[111.5541,7.557],[111.5615,7.5682]]],[[[109.7134,7.5729],[109.711,7.582],[109.6993,7.5855],[109.6714,7.5753],[109.6569,7.5664],[109.6387,7.5419],[109.6233,7.528],[109.6252,7.5138],[109.6423,7.5138],[109.671,7.5397],[109.7089,7.5663],[109.7134,7.5729]]],[[[112.9458,9.6091],[112.952,9.6346],[112.9441,9.6434],[112.9302,9.625],[112.9109,9.59],[112.8971,9.5751],[112.8925,9.5634],[112.881,9.5541],[112.8691,9.5359],[112.8861,9.541],[112.9009,9.5536],[112.9125,9.5573],[112.9423,9.5601],[112.95,9.5712],[112.9829,9.5908],[113.01,9.6182],[112.9997,9.6233],[112.9991,9.6127],[112.978,9.5916],[112.9611,9.5836],[112.9409,9.5646],[112.9103,9.5635],[112.9,9.5727],[112.9143,9.5746],[112.9144,9.5894],[112.9251,9.5794],[112.9351,9.5904],[112.9298,9.6012],[112.9382,9.6118],[112.9458,9.6091]]],[[[114.1688,8.7034],[114.1669,8.6986],[114.179,8.6737],[114.2073,8.6944],[114.1947,8.717],[114.1985,8.7376],[114.1913,8.7477],[114.165,8.7592],[114.154,8.7515],[114.1687,8.7237],[114.1688,8.7034]]],[[[116.2209,11.3072],[116.2374,11.3896],[116.2379,11.4051],[116.2246,11.4055],[116.2166,11.3896],[116.2142,11.3639],[116.2151,11.33],[116.2097,11.3048],[116.2036,11.2936],[116.1859,11.2751],[116.1831,11.2658],[116.1918,11.2578],[116.2067,11.2673],[116.2171,11.2851],[116.2209,11.3072]]],[[[110.4478,7.8148],[110.4429,7.8043],[110.4475,7.8006],[110.4749,7.8049],[110.4861,7.8089],[110.5076,7.8254],[110.5192,7.8537],[110.4954,7.8568],[110.4787,7.852],[110.4478,7.8148]]],[[[114.3259,11.4215],[114.349,11.4473],[114.3695,11.4491],[114.3846,11.4576],[114.3938,11.4469],[114.3864,11.4074],[114.378,11.3982],[114.3675,11.4008],[114.3594,11.3927],[114.3605,11.386],[114.3517,11.381],[114.3336,11.3834],[114.3358,11.3769],[114.3583,11.3799],[114.3716,11.3939],[114.3853,11.3996],[114.3955,11.4348],[114.4012,11.4469],[114.4015,11.4675],[114.3938,11.4751],[114.3547,11.4642],[114.3348,11.4438],[114.3265,11.4384],[114.3231,11.4241],[114.3143,11.4064],[114.294,11.3949],[114.2938,11.3769],[114.3228,11.3764],[114.3104,11.3829],[114.3091,11.397],[114.3267,11.4098],[114.3259,11.4215]]],[[[116.4471,9.7524],[116.4623,9.7293],[116.4758,9.7152],[116.4889,9.71],[116.4983,9.713],[116.5118,9.7347],[116.5226,9.7392],[116.5357,9.7375],[116.5538,9.7296],[116.562,9.7217],[116.5772,9.724],[116.5909,9.7163],[116.6048,9.7195],[116.5932,9.739],[116.5725,9.7502],[116.5392,9.7477],[116.511,9.7525],[116.5104,9.7413],[116.5003,9.7233],[116.484,9.7145],[116.4625,9.7353],[116.4609,9.7511],[116.4337,9.7647],[116.4328,9.7606],[116.4471,9.7524]]],[[[114.6666,11.4965],[114.6533,11.5089],[114.6308,11.5044],[114.6177,11.4796],[114.6139,11.454],[114.6123,11.4005],[114.6239,11.4031],[114.6367,11.4644],[114.6343,11.483],[114.6401,11.4878],[114.6615,11.4895],[114.6666,11.4965]]],[[[114.4111,9.9854],[114.4157,10],[114.4051,10.0121],[114.3648,10.0119],[114.3508,10],[114.3562,9.9846],[114.3709,9.9727],[114.3872,9.9721],[114.4017,9.9772],[114.4111,9.9854]]],[[[110.4613,8.0634],[110.5036,8.0656],[110.5114,8.0727],[110.5116,8.0865],[110.4992,8.0968],[110.4801,8.0996],[110.4508,8.0927],[110.4451,8.0764],[110.4613,8.0634]]],[[[114.6999,10.3362],[114.7018,10.3514],[114.7195,10.3755],[114.6924,10.3607],[114.6855,10.3442],[114.671,10.3342],[114.6532,10.3359],[114.6154,10.3348],[114.6129,10.3307],[114.6488,10.3299],[114.6577,10.3263],[114.6698,10.3065],[114.6572,10.2879],[114.6737,10.2937],[114.6817,10.3034],[114.6941,10.3108],[114.7046,10.3271],[114.6999,10.3362]]],[[[115.2721,8.3547],[115.2702,8.3662],[115.2579,8.3697],[115.2419,8.3652],[115.2149,8.3707],[115.2043,8.3771],[115.1983,8.3871],[115.1887,8.3915],[115.167,8.3846],[115.1687,8.3776],[115.1805,8.3698],[115.1938,8.3548],[115.2402,8.3557],[115.2588,8.3473],[115.2721,8.3547]]],[[[114.3678,10.3752],[114.372,10.3858],[114.3606,10.3834],[114.3448,10.3727],[114.3519,10.3338],[114.3415,10.3202],[114.3234,10.3067],[114.3025,10.2976],[114.2788,10.2783],[114.2868,10.2761],[114.2997,10.2885],[114.3334,10.2976],[114.3519,10.3155],[114.3674,10.3214],[114.3709,10.3298],[114.3592,10.3525],[114.3621,10.3684],[114.3678,10.3752]]],[[[115.8716,9.7447],[115.872,9.7276],[115.8618,9.7118],[115.8625,9.702],[115.8542,9.6866],[115.8507,9.6902],[115.8563,9.7133],[115.8548,9.725],[115.8449,9.7305],[115.8478,9.7149],[115.8405,9.6757],[115.8404,9.6587],[115.8448,9.6572],[115.8499,9.6734],[115.8635,9.6955],[115.8655,9.7097],[115.8743,9.7272],[115.8775,9.7514],[115.8932,9.7923],[115.88,9.806],[115.8646,9.8081],[115.8524,9.8008],[115.834,9.7623],[115.8435,9.7532],[115.8416,9.7386],[115.8517,9.7315],[115.8524,9.7593],[115.8446,9.7682],[115.8531,9.7874],[115.8663,9.8025],[115.8808,9.7997],[115.8868,9.7824],[115.8716,9.7447]]],[[[113.8617,10.0747],[113.8672,10.1231],[113.8552,10.1232],[113.8555,10.0977],[113.8472,10.0783],[113.8431,10.0502],[113.8443,10.0269],[113.8406,10.0057],[113.8474,9.9955],[113.8566,10.0029],[113.8592,10.0331],[113.8555,10.0447],[113.86,10.0551],[113.8617,10.0747]]],[[[115.8386,10.6117],[115.8439,10.6188],[115.8546,10.6466],[115.8465,10.6363],[115.834,10.6588],[115.8389,10.6698],[115.832,10.6781],[115.8159,10.6768],[115.8221,10.6561],[115.8185,10.6391],[115.8225,10.6274],[115.8175,10.6166],[115.8271,10.5955],[115.8386,10.6117]]],[[[114.3177,10.6939],[114.3304,10.6944],[114.3414,10.7028],[114.3699,10.704],[114.3673,10.7077],[114.3805,10.7215],[114.4051,10.7399],[114.402,10.7507],[114.3932,10.7495],[114.3853,10.7381],[114.3591,10.7282],[114.3509,10.7294],[114.3251,10.7062],[114.3177,10.6939]]],[[[115.4343,9.4001],[115.4239,9.3816],[115.4304,9.3564],[115.4421,9.3497],[115.4501,9.3512],[115.4622,9.3619],[115.4563,9.3725],[115.4551,9.3975],[115.4506,9.416],[115.4449,9.4171],[115.4343,9.4001]]],[[[113.9195,8.0005],[113.8954,8.008],[113.8824,8.0058],[113.8763,7.9967],[113.8986,7.9814],[113.9218,7.9608],[113.9331,7.9339],[113.9505,7.9408],[113.939,7.9549],[113.9296,7.961],[113.9209,7.9755],[113.9195,8.0005]]],[[[114.6044,11.3321],[114.613,11.3444],[114.6101,11.3485],[114.5926,11.3365],[114.5784,11.3348],[114.5683,11.3429],[114.5669,11.3527],[114.5798,11.3633],[114.6044,11.3674],[114.6064,11.3761],[114.5858,11.3775],[114.5632,11.371],[114.5554,11.359],[114.5523,11.3455],[114.5561,11.3312],[114.5652,11.3262],[114.5756,11.3293],[114.5898,11.3244],[114.6044,11.3321]]],[[[114.5647,10.4071],[114.5627,10.3935],[114.5454,10.3636],[114.5431,10.3372],[114.5482,10.3228],[114.5588,10.3406],[114.5588,10.3528],[114.5726,10.386],[114.5792,10.3972],[114.591,10.4043],[114.5942,10.4147],[114.5775,10.4178],[114.5647,10.4071]]],[[[116.6637,10.7865],[116.6611,10.793],[116.6307,10.8122],[116.6292,10.8241],[116.6215,10.823],[116.6182,10.7951],[116.6325,10.7781],[116.6435,10.7723],[116.6582,10.7716],[116.6717,10.7752],[116.6637,10.7865]]],[[[114.2609,7.8186],[114.2632,7.8341],[114.2592,7.8485],[114.25,7.8325],[114.2467,7.8154],[114.2404,7.8098],[114.2375,7.7943],[114.2247,7.7901],[114.2121,7.778],[114.2139,7.7582],[114.219,7.7533],[114.2271,7.7657],[114.2172,7.7743],[114.2326,7.769],[114.2447,7.7782],[114.2551,7.7792],[114.2474,7.7925],[114.25,7.8111],[114.2609,7.8186]]],[[[115.3723,8.0525],[115.3654,8.0488],[115.3611,8.0204],[115.3652,8.0092],[115.3793,8.002],[115.3906,8.0089],[115.3945,8.0227],[115.3908,8.0433],[115.3839,8.051],[115.3723,8.0525]]],[[[116.3251,11.4019],[116.3264,11.3909],[116.3389,11.3938],[116.3547,11.4366],[116.3706,11.4582],[116.3654,11.4739],[116.3535,11.467],[116.3473,11.4574],[116.3415,11.4372],[116.3307,11.4179],[116.3251,11.4019]]],[[[116.3786,11.4918],[116.3895,11.4963],[116.3984,11.5091],[116.4114,11.5438],[116.4089,11.5636],[116.4002,11.5754],[116.4004,11.559],[116.3852,11.5318],[116.3873,11.5235],[116.3697,11.4988],[116.3786,11.4918]]],[[[114.6076,9.9994],[114.6424,9.9899],[114.638,9.9808],[114.6571,9.957],[114.6599,9.9749],[114.672,10.0008],[114.6688,10.0082],[114.6412,10.0031],[114.6076,9.9994]]],[[[116.2798,8.9243],[116.2678,8.9257],[116.2611,8.919],[116.2521,8.8848],[116.2717,8.8827],[116.2827,8.8943],[116.2979,8.9216],[116.2908,8.9267],[116.2798,8.9243]]],[[[113.6374,8.9395],[113.6578,8.9464],[113.6804,8.9485],[113.6942,8.9638],[113.7112,8.9778],[113.7012,8.98],[113.6866,8.9692],[113.665,8.9648],[113.6526,8.9659],[113.6369,8.954],[113.6374,8.9395]]],[[[115.2568,8.7494],[115.2695,8.7526],[115.2755,8.761],[115.2735,8.7792],[115.2619,8.786],[115.2412,8.784],[115.2358,8.7742],[115.2414,8.7568],[115.2568,8.7494]]],[[[114.6366,8.8658],[114.6342,8.8601],[114.635,8.8358],[114.6419,8.835],[114.6747,8.8615],[114.6819,8.877],[114.6615,8.8775],[114.6366,8.8658]]],[[[114.2691,11.061],[114.2575,11.0586],[114.2531,11.0505],[114.2427,11.0548],[114.229,11.0535],[114.2231,11.0454],[114.1954,11.0441],[114.1901,11.0363],[114.2056,11.0305],[114.221,11.0371],[114.2442,11.0367],[114.2581,11.0323],[114.2715,11.0493],[114.2691,11.061]]],[[[113.8201,7.6197],[113.8295,7.6358],[113.8233,7.6375],[113.8071,7.632],[113.7792,7.6276],[113.7486,7.6119],[113.7625,7.6079],[113.7857,7.6128],[113.8122,7.6155],[113.8201,7.6197]]],[[[116.2854,10.8072],[116.3115,10.8196],[116.34,10.8189],[116.3491,10.8267],[116.3434,10.8336],[116.3075,10.8331],[116.2954,10.8368],[116.2848,10.8308],[116.2804,10.8209],[116.2854,10.8072]]],[[[116.4132,10.9091],[116.4048,10.9086],[116.4282,10.8785],[116.4359,10.8772],[116.4587,10.8933],[116.4615,10.9016],[116.455,10.9078],[116.4451,10.9042],[116.4132,10.9091]]],[[[115.7411,8.8441],[115.7433,8.8581],[115.7294,8.8811],[115.7209,8.8875],[115.7091,8.8859],[115.7071,8.8777],[115.7148,8.8578],[115.7283,8.8417],[115.7411,8.8441]]],[[[115.3099,10.1786],[115.3293,10.1982],[115.3306,10.2045],[115.3104,10.1984],[115.2855,10.2124],[115.2803,10.2113],[115.2797,10.1956],[115.2869,10.1831],[115.2867,10.1716],[115.3099,10.1786]]],[[[114.5641,10.8916],[114.5803,10.8945],[114.5884,10.8888],[114.5909,10.8429],[114.5852,10.8346],[114.5874,10.8261],[114.5942,10.8332],[114.5941,10.8651],[114.5999,10.8808],[114.6045,10.9097],[114.5895,10.9136],[114.5641,10.8916]]],[[[114.5726,10.7775],[114.5752,10.7502],[114.5707,10.745],[114.5579,10.7416],[114.5662,10.7376],[114.5837,10.7406],[114.5863,10.757],[114.5952,10.7731],[114.5815,10.7973],[114.5702,10.7919],[114.5726,10.7775]]],[[[111.6758,8.6587],[111.6956,8.6688],[111.6996,8.6762],[111.6943,8.6858],[111.684,8.6844],[111.6711,8.6765],[111.6432,8.67],[111.6455,8.6588],[111.6758,8.6587]]],[[[114.2791,9.7278],[114.2821,9.7437],[114.2684,9.7637],[114.2619,9.7677],[114.2556,9.7811],[114.2483,9.7711],[114.2705,9.7479],[114.2697,9.7028],[114.2769,9.7004],[114.2878,9.7098],[114.2894,9.727],[114.2791,9.7278]]],[[[114.3503,7.6608],[114.3567,7.6814],[114.3699,7.6954],[114.3691,7.7172],[114.3585,7.723],[114.3612,7.7043],[114.344,7.6868],[114.3392,7.6764],[114.323,7.6927],[114.3199,7.6912],[114.3379,7.6735],[114.342,7.6607],[114.3503,7.6608]]],[[[114.2252,10.1912],[114.2327,10.1839],[114.2391,10.1878],[114.228,10.2132],[114.2449,10.2424],[114.2668,10.2551],[114.2737,10.2662],[114.2697,10.2722],[114.2364,10.246],[114.2325,10.2305],[114.2165,10.2093],[114.2252,10.1912]]],[[[113.8419,7.3862],[113.8256,7.3865],[113.7844,7.3752],[113.8158,7.3655],[113.8363,7.3673],[113.8525,7.3784],[113.8419,7.3862]]],[[[116.3924,10.8971],[116.379,10.9038],[116.3684,10.8934],[116.3711,10.872],[116.3893,10.8597],[116.3971,10.8747],[116.3924,10.8971]]],[[[111.7029,7.9496],[111.7132,7.949],[111.7215,7.9386],[111.7355,7.9468],[111.7354,7.9598],[111.7249,7.9686],[111.7089,7.9709],[111.6988,7.968],[111.6965,7.9589],[111.7029,7.9496]]],[[[117.0157,11.078],[117.0206,11.0917],[117.0136,11.116],[116.999,11.1206],[116.9922,11.1157],[117.0005,11.0824],[117.0157,11.078]]],[[[114.9316,10.8841],[114.9372,10.902],[114.9319,10.9091],[114.9178,10.8849],[114.8898,10.8645],[114.8696,10.8587],[114.8753,10.8552],[114.8961,10.8646],[114.9196,10.8637],[114.9316,10.8841]]],[[[114.3899,7.7982],[114.3951,7.7947],[114.4088,7.8117],[114.4364,7.8311],[114.4432,7.8477],[114.4351,7.8495],[114.4202,7.8325],[114.3986,7.8185],[114.3899,7.7982]]],[[[111.6565,7.6419],[111.6586,7.6337],[111.6974,7.6592],[111.7069,7.6697],[111.6915,7.676],[111.6852,7.6733],[111.6877,7.6603],[111.6789,7.6505],[111.6809,7.6611],[111.6716,7.6616],[111.6597,7.6532],[111.6565,7.6419]]],[[[114.4376,10.3828],[114.4529,10.3757],[114.4768,10.3703],[114.4848,10.3764],[114.4773,10.3875],[114.4669,10.3921],[114.4522,10.3904],[114.4268,10.3926],[114.4376,10.3828]]],[[[116.6696,9.0522],[116.6586,9.0618],[116.6495,9.0617],[116.6459,9.0521],[116.6498,9.0384],[116.6718,9.0306],[116.6786,9.0371],[116.6696,9.0522]]],[[[116.2185,11.5788],[116.227,11.5914],[116.2224,11.5997],[116.2145,11.5943],[116.2006,11.5715],[116.196,11.5567],[116.2198,11.5561],[116.2155,11.572],[116.2185,11.5788]]],[[[116.1823,10.7498],[116.1764,10.7362],[116.1846,10.7313],[116.1909,10.751],[116.1901,10.7666],[116.1995,10.7809],[116.1956,10.7901],[116.208,10.8027],[116.2072,10.8166],[116.2026,10.8133],[116.1876,10.7846],[116.1823,10.7498]]],[[[114.4586,10.7961],[114.4369,10.7719],[114.4185,10.7622],[114.4159,10.7464],[114.4293,10.7526],[114.4392,10.7643],[114.4674,10.7914],[114.4586,10.7961]]],[[[114.2903,9.8687],[114.3016,9.8766],[114.3097,9.8735],[114.3044,9.8851],[114.2806,9.8706],[114.274,9.8614],[114.2732,9.838],[114.2804,9.8469],[114.2945,9.8552],[114.2903,9.8687]]],[[[115.9359,9.3361],[115.9229,9.3378],[115.9121,9.3307],[115.8969,9.3287],[115.9045,9.3218],[115.9545,9.3265],[115.9593,9.3311],[115.952,9.3375],[115.9359,9.3361]]],[[[114.1907,7.7408],[114.165,7.729],[114.1696,7.712],[114.1825,7.7117],[114.201,7.728],[114.1907,7.7408]]],[[[109.8925,7.5483],[109.9054,7.5402],[109.9211,7.5383],[109.9331,7.5459],[109.9335,7.5517],[109.9158,7.5583],[109.9001,7.5553],[109.8925,7.5483]]],[[[116.4147,9.7787],[116.4211,9.7753],[116.4303,9.7939],[116.4184,9.792],[116.4208,9.8018],[116.4369,9.8013],[116.4553,9.8087],[116.4738,9.7941],[116.4752,9.8044],[116.4681,9.8132],[116.4547,9.8162],[116.4365,9.8058],[116.4156,9.8049],[116.4122,9.8017],[116.4147,9.7787]]],[[[116.0404,11.3153],[116.0555,11.3188],[116.0547,11.336],[116.0757,11.3667],[116.07,11.3722],[116.0488,11.3437],[116.041,11.3263],[116.0404,11.3153]]],[[[114.643,10.9502],[114.6473,10.9485],[114.6695,10.962],[114.6623,10.9724],[114.6669,10.9872],[114.6581,10.9903],[114.6424,10.958],[114.643,10.9502]]],[[[114.4631,7.8677],[114.4711,7.8702],[114.4894,7.8861],[114.4883,7.8966],[114.4718,7.9036],[114.4748,7.8914],[114.4677,7.877],[114.4588,7.8739],[114.4453,7.8608],[114.4515,7.8581],[114.4631,7.8677]]],[[[114.6944,11.4628],[114.7041,11.4743],[114.6853,11.4898],[114.668,11.4878],[114.6678,11.4801],[114.6779,11.4763],[114.6944,11.4628]]],[[[114.5067,10.3488],[114.5202,10.3405],[114.5294,10.3424],[114.5275,10.3541],[114.5129,10.3655],[114.4984,10.3672],[114.4972,10.3576],[114.5067,10.3488]]],[[[111.6055,7.9011],[111.5982,7.8915],[111.6069,7.891],[111.6047,7.8814],[111.6418,7.8851],[111.6398,7.8919],[111.6055,7.9011]]],[[[111.75,7.7246],[111.7532,7.7308],[111.7489,7.7429],[111.7384,7.7364],[111.747,7.7203],[111.7399,7.703],[111.7455,7.697],[111.7574,7.7102],[111.7557,7.7255],[111.75,7.7246]]],[[[113.5866,6.952],[113.5731,6.9565],[113.5681,6.9416],[113.5809,6.9311],[113.5927,6.936],[113.5933,6.9453],[113.5866,6.952]]],[[[116.089,11.4261],[116.079,11.4115],[116.0741,11.3865],[116.0789,11.3788],[116.0903,11.3853],[116.0854,11.3936],[116.0892,11.4157],[116.0954,11.4243],[116.089,11.4261]]],[[[111.7522,7.801],[111.7472,7.8124],[111.7379,7.8111],[111.733,7.799],[111.7412,7.7839],[111.7526,7.7847],[111.7522,7.801]]],[[[114.2424,10.1769],[114.2501,10.1572],[114.2852,10.1531],[114.2862,10.1587],[114.2622,10.1662],[114.2424,10.1769]]],[[[114.3583,9.9002],[114.3806,9.8979],[114.3956,9.8863],[114.4005,9.8963],[114.3894,9.9045],[114.3638,9.907],[114.3583,9.9002]]],[[[116.8371,10.9668],[116.8488,10.966],[116.8597,10.9728],[116.8597,10.9816],[116.8452,10.9863],[116.8347,10.9803],[116.8371,10.9668]]],[[[114.4176,9.8872],[114.4292,9.8783],[114.4334,9.8895],[114.4455,9.8965],[114.4349,9.9029],[114.4187,9.8942],[114.4176,9.8872]]],[[[115.5756,9.8972],[115.5708,9.9153],[115.5708,9.899],[115.5594,9.8858],[115.5447,9.8784],[115.5206,9.8854],[115.5177,9.8787],[115.5436,9.873],[115.5625,9.8842],[115.5756,9.8972]]],[[[114.1188,8.1031],[114.1264,8.0963],[114.1443,8.1105],[114.1439,8.1165],[114.1239,8.115],[114.1188,8.1031]]],[[[111.7389,7.8996],[111.7358,7.8979],[111.7333,7.8767],[111.7362,7.8651],[111.7466,7.8607],[111.7474,7.8673],[111.7389,7.8996]]],[[[116.9582,10.9852],[116.9582,10.9736],[116.9707,10.972],[116.9807,10.9852],[116.9743,10.9923],[116.963,10.9915],[116.9582,10.9852]]],[[[114.5129,10.6978],[114.5303,10.7009],[114.5382,10.7101],[114.5427,10.7278],[114.5359,10.7214],[114.5257,10.7199],[114.5247,10.7063],[114.5129,10.6978]]],[[[116.5563,10.4956],[116.5668,10.493],[116.5714,10.5027],[116.5625,10.516],[116.5511,10.5051],[116.5563,10.4956]]],[[[114.5083,10.2385],[114.4908,10.2459],[114.466,10.2448],[114.4649,10.2399],[114.4974,10.2365],[114.5124,10.2328],[114.5083,10.2385]]],[[[116.9148,10.937],[116.8983,10.9418],[116.8894,10.9339],[116.9019,10.9259],[116.9132,10.9299],[116.9148,10.937]]],[[[109.2395,11.8385],[109.2257,11.8496],[109.224,11.8369],[109.2357,11.8281],[109.2401,11.8352],[109.2524,11.8372],[109.2424,11.8498],[109.2395,11.8385]]],[[[116.2745,10.7979],[116.2731,10.8093],[116.2608,10.8149],[116.2523,10.804],[116.2721,10.7948],[116.2745,10.7979]]],[[[116.9041,10.9746],[116.9204,10.982],[116.9148,10.9935],[116.9007,10.9879],[116.9041,10.9746]]],[[[114.2619,7.6625],[114.2758,7.6827],[114.2736,7.6869],[114.2541,7.6751],[114.2488,7.6648],[114.2619,7.6625]]],[[[109.8619,8.3601],[109.8657,8.3507],[109.8789,8.3526],[109.8805,8.3627],[109.8678,8.3691],[109.8619,8.3601]]],[[[109.3059,12.7258],[109.2954,12.7223],[109.293,12.7108],[109.2768,12.6962],[109.2879,12.6986],[109.2951,12.71],[109.3113,12.7182],[109.3059,12.7258]]],[[[114.4538,9.9128],[114.4555,9.8962],[114.4703,9.8962],[114.4738,9.905],[114.4633,9.9124],[114.4538,9.9128]]],[[[114.5551,10.2622],[114.5444,10.2518],[114.5443,10.2423],[114.551,10.2438],[114.5709,10.2651],[114.5609,10.2672],[114.5551,10.2622]]],[[[110.1936,8.3095],[110.1984,8.2983],[110.2088,8.2992],[110.2083,8.3161],[110.1936,8.3095]]],[[[114.1391,7.583],[114.1555,7.5998],[114.1539,7.6049],[114.1225,7.5883],[114.1285,7.5814],[114.1391,7.583]]],[[[116.8003,10.8279],[116.793,10.8279],[116.782,10.8166],[116.786,10.8145],[116.8146,10.8196],[116.8003,10.8279]]],[[[111.5525,7.6619],[111.5633,7.6684],[111.562,7.6747],[111.5494,7.6871],[111.5468,7.6655],[111.5525,7.6619]]],[[[114.6452,11.3968],[114.6514,11.411],[114.6369,11.4043],[114.6276,11.3928],[114.6452,11.3968]]],[[[110.531,8.1052],[110.5454,8.1061],[110.5564,8.1155],[110.5553,8.1258],[110.531,8.1052]]],[[[116.6419,10.8908],[116.6393,10.8741],[116.653,10.8698],[116.6511,10.8887],[116.6419,10.8908]]],[[[109.8593,7.413],[109.8629,7.4041],[109.8782,7.4073],[109.8736,7.4195],[109.8593,7.413]]],[[[111.6426,7.9425],[111.6497,7.9443],[111.6714,7.968],[111.6636,7.9721],[111.6421,7.9455],[111.6426,7.9425]]],[[[116.366,9.5206],[116.3622,9.5286],[116.3477,9.5247],[116.3549,9.5122],[116.366,9.5206]]],[[[116.1714,9.6016],[116.1688,9.6142],[116.1603,9.6097],[116.1562,9.5959],[116.1652,9.5941],[116.1714,9.6016]]],[[[114.4525,9.8411],[114.4518,9.8256],[114.4637,9.8264],[114.4687,9.8336],[114.4525,9.8411]]],[[[114.503,9.9143],[114.5027,9.9212],[114.4918,9.9244],[114.4853,9.9087],[114.4954,9.9057],[114.503,9.9143]]],[[[116.9324,9.4599],[116.9288,9.4693],[116.9158,9.4587],[116.9239,9.4485],[116.9324,9.4599]]],[[[111.7352,7.8274],[111.7457,7.8319],[111.7459,7.8406],[111.7331,7.8413],[111.7248,7.8241],[111.7352,7.8274]]],[[[111.4637,8.5506],[111.4527,8.5455],[111.4649,8.537],[111.4752,8.5389],[111.4683,8.5525],[111.4637,8.5506]]],[[[114.2549,9.7902],[114.2616,9.7903],[114.2714,9.8076],[114.2704,9.8296],[114.2627,9.8003],[114.2549,9.7902]]],[[[114.613,10.9217],[114.6249,10.9354],[114.6144,10.9367],[114.6032,10.9266],[114.604,10.9191],[114.613,10.9217]]],[[[114.3658,11.0965],[114.3736,11.0812],[114.3843,11.0942],[114.3824,11.0992],[114.3658,11.0965]]],[[[114.4098,10.3795],[114.4212,10.3849],[114.422,10.3911],[114.4062,10.3928],[114.4018,10.3814],[114.4098,10.3795]]],[[[114.5349,10.8587],[114.5513,10.8655],[114.5488,10.8766],[114.5307,10.8664],[114.5349,10.8587]]],[[[114.5715,9.9601],[114.5713,9.9707],[114.5471,9.9635],[114.5521,9.9599],[114.5715,9.9601]]],[[[113.6387,10.225],[113.651,10.2402],[113.6421,10.2407],[113.6318,10.2338],[113.6291,10.224],[113.6387,10.225]]],[[[114.573,10.3291],[114.5664,10.332],[114.5589,10.3257],[114.5835,10.3148],[114.573,10.3291]]],[[[114.2781,11.056],[114.2776,11.0479],[114.2929,11.0496],[114.2894,11.0621],[114.2781,11.056]]],[[[116.2147,10.821],[116.2232,10.8181],[116.2282,10.8426],[116.2176,10.8337],[116.2147,10.821]]],[[[114.3987,9.8063],[114.3899,9.8038],[114.3939,9.79],[114.4081,9.7983],[114.3987,9.8063]]],[[[114.1882,11.0299],[114.1798,11.031],[114.1847,11.0438],[114.1727,11.0393],[114.1678,11.0316],[114.1804,11.0261],[114.1882,11.0299]]],[[[109.2361,12.3952],[109.2299,12.3994],[109.2213,12.3875],[109.2349,12.3807],[109.2404,12.3883],[109.2361,12.3952]]],[[[114.4299,10.6715],[114.4198,10.6763],[114.4183,10.6645],[114.4361,10.6625],[114.4299,10.6715]]],[[[114.5979,10.2697],[114.5866,10.2765],[114.581,10.2642],[114.5994,10.2648],[114.5979,10.2697]]],[[[114.6015,9.9144],[114.5919,9.9163],[114.5894,9.9021],[114.5975,9.8993],[114.6015,9.9144]]],[[[110.4797,7.2301],[110.4763,7.2369],[110.4635,7.2332],[110.468,7.2235],[110.4797,7.2301]]],[[[114.4612,10.6796],[114.4556,10.6846],[114.4508,10.669],[114.4635,10.6701],[114.4612,10.6796]]],[[[114.3505,10.1855],[114.3425,10.1816],[114.3676,10.1759],[114.3734,10.1822],[114.3505,10.1855]]],[[[111.7132,7.6979],[111.7042,7.7021],[111.7088,7.6911],[111.7186,7.6909],[111.7283,7.6829],[111.7244,7.6939],[111.7132,7.6979]]],[[[114.5272,9.9242],[114.5289,9.9341],[114.5224,9.9426],[114.5137,9.9401],[114.5143,9.9327],[114.5272,9.9242]]],[[[115.3642,10.2436],[115.3784,10.2577],[115.3635,10.2563],[115.3642,10.2436]]],[[[114.6047,10.3262],[114.5908,10.3251],[114.6123,10.3158],[114.6173,10.3194],[114.6047,10.3262]]],[[[116.2425,10.8498],[116.2494,10.8537],[116.2381,10.8646],[116.2331,10.8551],[116.2425,10.8498]]],[[[114.528,10.8434],[114.5239,10.8602],[114.5152,10.848],[114.528,10.8434]]],[[[114.3109,11.0599],[114.3125,11.0541],[114.3346,11.0549],[114.3366,11.0611],[114.3109,11.0599]]],[[[112.355,8.9318],[112.3512,8.9401],[112.3386,8.9328],[112.3476,8.9264],[112.355,8.9318]]],[[[116.2409,10.8777],[116.2525,10.8801],[116.245,10.8943],[116.2409,10.8777]]],[[[116.6975,10.7925],[116.6823,10.7914],[116.6806,10.7815],[116.6936,10.7851],[116.6975,10.7925]]],[[[116.6512,10.8532],[116.6531,10.8624],[116.6439,10.8683],[116.6422,10.8542],[116.6512,10.8532]]],[[[111.7477,7.7652],[111.7467,7.7549],[111.7585,7.7552],[111.7566,7.7661],[111.7477,7.7652]]],[[[111.915,8.6503],[111.9177,8.641],[111.9275,8.6536],[111.9205,8.6581],[111.915,8.6503]]],[[[114.6198,10.2685],[114.6336,10.2841],[114.6463,10.289],[114.6336,10.2899],[114.6207,10.28],[114.6198,10.2685]]],[[[114.6006,9.9855],[114.6014,9.9924],[114.581,9.9799],[114.5881,9.9715],[114.5922,9.9823],[114.6006,9.9855]]],[[[114.5616,10.8819],[114.554,10.881],[114.5598,10.8689],[114.5695,10.8724],[114.5616,10.8819]]],[[[114.4537,10.2337],[114.4531,10.2381],[114.4355,10.2276],[114.4401,10.2234],[114.4537,10.2337]]],[[[116.8617,10.805],[116.864,10.8131],[116.85,10.8082],[116.8617,10.805]]],[[[116.7683,10.8202],[116.7696,10.8269],[116.7604,10.8277],[116.7567,10.817],[116.7683,10.8202]]],[[[109.3136,12.496],[109.2933,12.4929],[109.2915,12.4855],[109.3031,12.4866],[109.3136,12.496]]],[[[115.0171,11.0724],[115.0259,11.0785],[115.0236,11.0871],[115.0138,11.0773],[115.0171,11.0724]]],[[[116.5687,10.5312],[116.5725,10.5226],[116.5808,10.5321],[116.5747,10.5389],[116.5687,10.5312]]],[[[116.5834,10.5436],[116.587,10.5368],[116.5944,10.5418],[116.5872,10.5458],[116.5981,10.5536],[116.5912,10.5578],[116.5834,10.5436]]],[[[116.8751,10.8705],[116.879,10.8785],[116.8717,10.8835],[116.8675,10.8724],[116.8751,10.8705]]],[[[116.6513,10.8939],[116.6675,10.8961],[116.6642,10.9034],[116.6513,10.8939]]],[[[114.3859,10.3854],[114.3787,10.3809],[114.382,10.3705],[114.3917,10.3828],[114.3859,10.3854]]],[[[116.6086,10.573],[116.6057,10.5673],[116.6173,10.564],[116.6202,10.5704],[116.6086,10.573]]],[[[111.5435,7.7284],[111.5565,7.7326],[111.5468,7.7393],[111.5435,7.7284]]],[[[111.5671,7.7813],[111.5677,7.7737],[111.5779,7.7769],[111.5743,7.7856],[111.5671,7.7813]]],[[[114.3501,9.8971],[114.3389,9.8988],[114.3393,9.8913],[114.3501,9.8971]]],[[[114.6895,11.436],[114.6965,11.4465],[114.6931,11.4513],[114.6842,11.4369],[114.6895,11.436]]],[[[114.4961,10.8225],[114.4914,10.8241],[114.485,10.8116],[114.4933,10.8124],[114.4961,10.8225]]],[[[114.5152,9.8712],[114.5033,9.8714],[114.5065,9.8635],[114.5152,9.8712]]],[[[109.31,12.1694],[109.297,12.1706],[109.3,12.1639],[109.317,12.1656],[109.31,12.1694]]],[[[114.6621,9.7115],[114.6699,9.7203],[114.66,9.7185],[114.6621,9.7115]]],[[[116.4225,10.9588],[116.4263,10.9678],[116.4153,10.9635],[116.4225,10.9588]]],[[[114.5278,9.8848],[114.536,9.8884],[114.5315,9.8967],[114.5247,9.8925],[114.5278,9.8848]]],[[[115.8768,10.6621],[115.8596,10.6465],[115.8691,10.649],[115.8768,10.6621]]],[[[115.9106,10.8887],[115.9221,10.8873],[115.9151,10.894],[115.9106,10.8887]]],[[[116.0875,10.8064],[116.0956,10.8057],[116.089,10.8151],[116.0875,10.8064]]],[[[116.5144,9.7637],[116.5079,9.7689],[116.5023,9.7632],[116.5093,9.7569],[116.5144,9.7637]]],[[[116.639,10.8389],[116.6448,10.8449],[116.6379,10.8499],[116.6322,10.8426],[116.639,10.8389]]],[[[111.5764,7.8235],[111.5666,7.8237],[111.5757,7.8153],[111.5764,7.8235]]],[[[115.1779,9.9916],[115.1734,9.9995],[115.1701,9.9883],[115.1779,9.9916]]],[[[114.613,11.3859],[114.611,11.3753],[114.6194,11.3752],[114.613,11.3859]]],[[[114.3701,9.7836],[114.3608,9.7764],[114.3769,9.778],[114.3701,9.7836]]],[[[114.4975,10.6941],[114.4859,10.6909],[114.4927,10.686],[114.505,10.6922],[114.4975,10.6941]]],[[[114.3202,9.7406],[114.3152,9.7484],[114.3098,9.7333],[114.3202,9.7406]]],[[[115.5014,9.8957],[115.5014,9.888],[115.5095,9.8804],[115.5152,9.8832],[115.5014,9.8957]]],[[[109.2269,12.1969],[109.2185,12.1888],[109.2238,12.1832],[109.2345,12.1946],[109.2269,12.1969]]],[[[114.4133,10.2071],[114.3992,10.2082],[114.3981,10.2015],[114.4133,10.2071]]],[[[109.248,12.178],[109.235,12.1792],[109.252,12.1713],[109.248,12.178]]],[[[109.2159,11.786],[109.2133,11.7802],[109.2204,11.7718],[109.2218,11.7843],[109.2159,11.786]]],[[[114.5158,9.9199],[114.5098,9.9101],[114.522,9.9176],[114.5158,9.9199]]],[[[116.8419,10.8554],[116.8512,10.8465],[116.8502,10.8548],[116.8419,10.8554]]],[[[114.7334,11.0084],[114.7448,11.0157],[114.7358,11.016],[114.7334,11.0084]]],[[[116.483,10.9071],[116.4912,10.9152],[116.4798,10.9139],[116.483,10.9071]]],[[[114.4803,9.9036],[114.4754,9.8928],[114.4826,9.891],[114.4873,9.8986],[114.4803,9.9036]]],[[[109.3488,12.4894],[109.3525,12.4773],[109.3607,12.4827],[109.3488,12.4894]]],[[[116.4749,10.9084],[116.4671,10.9114],[116.4693,10.9],[116.4749,10.9084]]],[[[109.3492,12.6487],[109.3401,12.6516],[109.3424,12.6424],[109.3492,12.6487]]],[[[116.1475,10.1232],[116.1412,10.12],[116.1507,10.1128],[116.1475,10.1232]]],[[[109.1798,12.0606],[109.1749,12.0658],[109.1771,12.0494],[109.1798,12.0606]]],[[[114.639,9.9351],[114.6525,9.9516],[114.642,9.9435],[114.639,9.9351]]],[[[114.3292,9.8913],[114.3247,9.8839],[114.3347,9.8858],[114.3292,9.8913]]],[[[116.7444,10.8611],[116.7515,10.8601],[116.7479,10.8698],[116.7444,10.8611]]],[[[109.3771,12.3638],[109.3676,12.3675],[109.3794,12.3558],[109.3771,12.3638]]],[[[114.5805,10.8043],[114.5841,10.8166],[114.5791,10.8176],[114.5805,10.8043]]],[[[114.6166,9.9273],[114.6266,9.9314],[114.6217,9.9363],[114.6166,9.9273]]],[[[109.3275,12.0462],[109.3214,12.0386],[109.3267,12.0338],[109.3275,12.0462]]]]},"properties":{"ma_tinh":"56","ten_tinh":"Khánh Hòa","sap_nhap":"Khánh Hòa, Ninh Thuận","quy_mo":"65 đơn vị (16 phường, 48 xã và 1 đặc khu Trường Sa)","tru_so":"Số 1 Trần Phú, Nha Trang, Khánh Hòa","loai":"Tỉnh","cap":1,"stt":23,"dien_tich_km2":8556.1,"dan_so":2243553,"mat_do_km2":262.22,"lat":12.06818278423945,"lon":108.96232374887097,"GEOlayersRenamed":"Khánh Hòa"}},
{"type":"Feature","geometry":{"type":"Polygon","coordinates":[[[102.3218,22.5482],[102.3376,22.5227],[102.3467,22.5025],[102.3483,22.4905],[102.3577,22.4902],[102.3613,22.4744],[102.3818,22.4703],[102.3929,22.4607],[102.3899,22.4399],[102.3968,22.4332],[102.3982,22.4183],[102.3874,22.4116],[102.409,22.3879],[102.4239,22.3813],[102.4255,22.3703],[102.4478,22.3611],[102.457,22.3495],[102.4558,22.3417],[102.4739,22.3268],[102.4745,22.3192],[102.4907,22.3023],[102.4905,22.2966],[102.5084,22.2787],[102.5153,22.2605],[102.523,22.253],[102.5455,22.2421],[102.5538,22.2433],[102.564,22.2609],[102.5788,22.2606],[102.6054,22.2382],[102.6186,22.2352],[102.6158,22.2223],[102.6182,22.1987],[102.6296,22.1872],[102.6365,22.1871],[102.6451,22.1737],[102.6614,22.1742],[102.6755,22.167],[102.6864,22.1817],[102.6882,22.193],[102.6949,22.1972],[102.6979,22.2093],[102.6869,22.2299],[102.6876,22.2364],[102.6782,22.2451],[102.6611,22.2532],[102.6772,22.2627],[102.6818,22.2561],[102.705,22.2435],[102.7298,22.2376],[102.7508,22.2137],[102.7474,22.178],[102.7382,22.172],[102.7392,22.1449],[102.7448,22.1311],[102.762,22.1158],[102.7673,22.1175],[102.7814,22.1005],[102.7754,22.0902],[102.8099,22.0739],[102.8191,22.0658],[102.8309,22.064],[102.855,22.0658],[102.8631,22.0602],[102.8678,22.0771],[102.8808,22.0797],[102.8882,22.0754],[102.901,22.0789],[102.9059,22.0863],[102.9262,22.0921],[102.9244,22.1082],[102.9316,22.1037],[102.9363,22.0867],[102.9279,22.0753],[102.9295,22.0684],[102.9443,22.0663],[102.9649,22.042],[102.9688,22.0302],[102.9847,22.026],[102.9952,22.0361],[102.9997,22.052],[103.0222,22.0562],[103.0386,22.0475],[103.056,22.0532],[103.0643,22.0631],[103.0723,22.0584],[103.0949,22.0576],[103.0898,22.0702],[103.0955,22.0761],[103.1025,22.1018],[103.1224,22.0947],[103.1355,22.0723],[103.1486,22.0673],[103.1518,22.074],[103.1678,22.0784],[103.1913,22.0699],[103.209,22.0699],[103.2267,22.0624],[103.241,22.0504],[103.2766,22.0392],[103.2893,22.0414],[103.2913,22.0489],[103.2724,22.0742],[103.2823,22.0871],[103.2852,22.1071],[103.3061,22.1139],[103.3084,22.1267],[103.3191,22.1416],[103.3336,22.1536],[103.3449,22.1523],[103.389,22.1554],[103.393,22.1413],[103.404,22.1258],[103.4123,22.0964],[103.4211,22.0734],[103.4346,22.0553],[103.454,22.0547],[103.4695,22.0269],[103.4581,22.0188],[103.4582,22.0001],[103.471,21.9848],[103.4977,21.9712],[103.5014,21.9805],[103.5136,21.9906],[103.511,22.01],[103.5262,22.0247],[103.5475,22.0295],[103.5975,22.0118],[103.6061,22.0133],[103.6127,22.0025],[103.6347,21.9891],[103.6521,21.9934],[103.6581,21.9811],[103.6588,21.9667],[103.6681,21.9484],[103.6875,21.9423],[103.6897,21.9318],[103.6828,21.9207],[103.6988,21.9116],[103.7064,21.9016],[103.7048,21.8843],[103.7152,21.8858],[103.7222,21.8736],[103.7074,21.8526],[103.7057,21.843],[103.6962,21.838],[103.6975,21.8238],[103.7108,21.8217],[103.7233,21.8097],[103.7592,21.8089],[103.7532,21.7889],[103.7543,21.7794],[103.7784,21.7796],[103.7831,21.7674],[103.7962,21.7576],[103.8074,21.7374],[103.8306,21.7371],[103.8329,21.7438],[103.8373,21.706],[103.8488,21.703],[103.8536,21.6913],[103.8607,21.6931],[103.8722,21.6861],[103.881,21.6878],[103.8822,21.709],[103.8944,21.6997],[103.909,21.6948],[103.9222,21.7],[103.9218,21.7076],[103.9117,21.7165],[103.9159,21.7335],[103.9307,21.7431],[103.9531,21.7407],[103.9515,21.7523],[103.9633,21.7577],[103.967,21.7703],[103.9512,21.7892],[103.9504,21.8018],[103.9365,21.8185],[103.9176,21.8294],[103.9162,21.8403],[103.8899,21.8648],[103.8868,21.8914],[103.8885,21.9142],[103.9055,21.9211],[103.9185,21.9317],[103.9423,21.9173],[103.9621,21.9354],[103.9612,21.9451],[103.9692,21.957],[103.985,21.9672],[103.9743,21.9755],[103.9672,21.9892],[103.9561,21.9993],[103.9656,22.0136],[103.953,22.0263],[103.9574,22.0489],[103.9531,22.0629],[103.9386,22.0818],[103.9443,22.0982],[103.937,22.119],[103.9369,22.1413],[103.9138,22.1449],[103.899,22.1579],[103.8881,22.1742],[103.872,22.1765],[103.8654,22.1821],[103.8723,22.1888],[103.873,22.1991],[103.8571,22.2059],[103.8511,22.2205],[103.8423,22.2258],[103.8443,22.2351],[103.8399,22.2479],[103.8289,22.2599],[103.8273,22.2687],[103.8177,22.2797],[103.7864,22.3033],[103.7792,22.3018],[103.7613,22.3118],[103.7708,22.3207],[103.7689,22.3318],[103.7819,22.3374],[103.7806,22.3488],[103.7677,22.3545],[103.7641,22.391],[103.7486,22.4072],[103.7307,22.4164],[103.7147,22.4136],[103.7013,22.4062],[103.6964,22.4088],[103.6758,22.4032],[103.646,22.4042],[103.6256,22.3962],[103.6035,22.4101],[103.6029,22.4253],[103.5877,22.4299],[103.5885,22.4364],[103.5719,22.4469],[103.5688,22.457],[103.555,22.4713],[103.5655,22.4844],[103.578,22.4918],[103.5872,22.5059],[103.5864,22.5125],[103.5952,22.5272],[103.5836,22.5322],[103.5799,22.5457],[103.5665,22.5687],[103.5728,22.5782],[103.5487,22.5885],[103.533,22.5843],[103.5308,22.5949],[103.5052,22.6053],[103.5086,22.6102],[103.4895,22.619],[103.4794,22.6302],[103.4772,22.6399],[103.4668,22.6461],[103.4562,22.6587],[103.4603,22.6783],[103.4498,22.6898],[103.4398,22.6931],[103.4317,22.7031],[103.4336,22.7115],[103.4267,22.7172],[103.4278,22.7336],[103.4407,22.7407],[103.4402,22.7531],[103.4207,22.7611],[103.4096,22.7784],[103.39,22.7819],[103.3725,22.7987],[103.3268,22.811],[103.3177,22.7998],[103.32,22.7803],[103.316,22.7792],[103.3005,22.7516],[103.2854,22.7372],[103.289,22.7208],[103.2875,22.7066],[103.282,22.701],[103.2834,22.6845],[103.2704,22.6744],[103.2514,22.6726],[103.2313,22.6575],[103.2276,22.6482],[103.2079,22.646],[103.1955,22.6509],[103.1848,22.6444],[103.184,22.6308],[103.1764,22.6307],[103.1685,22.6187],[103.158,22.5943],[103.162,22.5836],[103.1832,22.56],[103.1563,22.5395],[103.151,22.5426],[103.1372,22.5374],[103.1181,22.5179],[103.0992,22.5168],[103.0832,22.5118],[103.0704,22.4764],[103.0794,22.4697],[103.08,22.4507],[103.0705,22.4474],[103.0571,22.4523],[103.0539,22.4467],[103.0349,22.4463],[103.0308,22.4424],[103.0128,22.454],[103.0113,22.4604],[102.9958,22.4605],[102.988,22.4796],[102.9634,22.4783],[102.9236,22.4903],[102.9202,22.5083],[102.9111,22.5098],[102.9055,22.5265],[102.8887,22.5366],[102.8964,22.5441],[102.8776,22.5587],[102.8824,22.5689],[102.871,22.5756],[102.8763,22.5935],[102.8625,22.6012],[102.8628,22.6083],[102.8486,22.6101],[102.8415,22.6191],[102.8246,22.6274],[102.8167,22.6222],[102.7874,22.6263],[102.7817,22.6354],[102.7873,22.6436],[102.7644,22.6474],[102.7534,22.6586],[102.7499,22.669],[102.7357,22.6665],[102.724,22.6786],[102.7093,22.682],[102.7072,22.6946],[102.6899,22.7035],[102.6553,22.6903],[102.6538,22.6942],[102.6301,22.7111],[102.6061,22.7336],[102.5861,22.7217],[102.5839,22.7067],[102.5688,22.7045],[102.565,22.723],[102.5531,22.7314],[102.5491,22.7467],[102.5134,22.7715],[102.5084,22.7787],[102.4815,22.7789],[102.4769,22.7704],[102.4595,22.7664],[102.4522,22.7563],[102.4503,22.7425],[102.4565,22.7323],[102.4441,22.7257],[102.4351,22.7009],[102.4073,22.6844],[102.3941,22.691],[102.3824,22.6809],[102.4008,22.6461],[102.4168,22.6419],[102.4186,22.6364],[102.4042,22.6336],[102.3888,22.6171],[102.3862,22.6091],[102.3718,22.5932],[102.348,22.5905],[102.3457,22.5834],[102.3552,22.5665],[102.338,22.5599],[102.321,22.5574],[102.3218,22.5482]]]},"properties":{"ma_tinh":"12","ten_tinh":"Lai Châu","sap_nhap":"không sáp nhập","quy_mo":"38 đơn vị (2 phường, 36 xã)","tru_so":"Đang cập nhật","loai":"Tỉnh","cap":1,"stt":14,"dien_tich_km2":9068.73,"dan_so":512601,"mat_do_km2":56.52,"lat":22.316816082623163,"lon":103.18704443454325,"GEOlayersRenamed":"Lai Châu"}},
{"type":"Feature","geometry":{"type":"MultiPolygon","coordinates":[[[[107.5703,10.5681],[107.6003,10.5855],[107.6202,10.5946],[107.6321,10.5968],[107.6634,10.6095],[107.6839,10.6255],[107.7065,10.6324],[107.728,10.6319],[107.7526,10.6401],[107.7781,10.6523],[107.7971,10.6771],[107.8152,10.6964],[107.8307,10.7052],[107.8453,10.7039],[107.8767,10.7185],[107.9054,10.7217],[107.939,10.7147],[107.9592,10.7062],[107.9847,10.7047],[107.9918,10.6995],[108.0145,10.7375],[108.0279,10.8005],[108.0336,10.8203],[108.0456,10.8493],[108.0603,10.8787],[108.0795,10.909],[108.0943,10.9181],[108.1065,10.9201],[108.1036,10.9138],[108.1271,10.931],[108.1374,10.9332],[108.1563,10.93],[108.1762,10.9361],[108.1894,10.9362],[108.2148,10.9522],[108.2298,10.9547],[108.2701,10.9449],[108.2807,10.9391],[108.283,10.9218],[108.2919,10.9135],[108.3036,10.9496],[108.3125,10.9588],[108.3237,10.9601],[108.3311,10.9514],[108.3402,10.9578],[108.3454,10.9912],[108.3545,11.0139],[108.3622,11.0235],[108.3777,11.0339],[108.4092,11.0332],[108.4142,11.0266],[108.4238,11.0394],[108.4346,11.0471],[108.4458,11.0481],[108.4603,11.0407],[108.4731,11.0491],[108.4796,11.072],[108.4943,11.1099],[108.5059,11.1328],[108.5203,11.1508],[108.5316,11.1564],[108.5636,11.1628],[108.5737,11.1749],[108.5959,11.1845],[108.6115,11.1831],[108.618,11.1758],[108.6216,11.1826],[108.6376,11.1903],[108.6535,11.1935],[108.6783,11.1895],[108.6984,11.1821],[108.7055,11.1683],[108.7121,11.1758],[108.7284,11.1833],[108.7355,11.2159],[108.7456,11.2315],[108.7455,11.2426],[108.7517,11.2575],[108.7565,11.2825],[108.7761,11.2879],[108.7811,11.3054],[108.7929,11.3141],[108.799,11.3002],[108.8099,11.3001],[108.8151,11.3212],[108.8274,11.3195],[108.838,11.3233],[108.8446,11.3319],[108.8663,11.3335],[108.8761,11.3404],[108.8766,11.3544],[108.8655,11.3518],[108.8455,11.366],[108.844,11.3771],[108.8016,11.3833],[108.785,11.3883],[108.7833,11.3939],[108.7572,11.4114],[108.7618,11.4705],[108.7249,11.4693],[108.7135,11.4618],[108.6788,11.4734],[108.6638,11.5007],[108.6589,11.5048],[108.6437,11.5507],[108.5824,11.5559],[108.5718,11.5792],[108.5666,11.5814],[108.5516,11.601],[108.553,11.6315],[108.5623,11.6425],[108.5849,11.6408],[108.5946,11.6486],[108.6198,11.6514],[108.6534,11.6645],[108.659,11.6688],[108.6687,11.6638],[108.6782,11.6694],[108.6924,11.6976],[108.7011,11.6991],[108.6958,11.7091],[108.6895,11.7328],[108.6669,11.7477],[108.6629,11.7615],[108.6726,11.7832],[108.6554,11.7925],[108.6366,11.7939],[108.6198,11.8034],[108.626,11.8135],[108.6258,11.8315],[108.6431,11.8324],[108.6532,11.8462],[108.6502,11.8639],[108.6555,11.8864],[108.6553,11.901],[108.664,11.9141],[108.6617,11.925],[108.6655,11.938],[108.6599,11.9507],[108.6618,11.9618],[108.6853,11.9915],[108.6799,12.0105],[108.6912,12.0294],[108.694,12.0409],[108.703,12.0412],[108.7126,12.0626],[108.7076,12.0715],[108.7052,12.0901],[108.6939,12.105],[108.6753,12.1186],[108.6857,12.1301],[108.6932,12.1294],[108.6937,12.1465],[108.7069,12.1553],[108.7258,12.1563],[108.7289,12.1612],[108.7206,12.1725],[108.7206,12.18],[108.7106,12.1897],[108.7222,12.2179],[108.7181,12.2255],[108.7018,12.2375],[108.6996,12.2454],[108.7059,12.2543],[108.7013,12.2906],[108.7074,12.2989],[108.6893,12.3157],[108.68,12.3162],[108.668,12.3006],[108.6382,12.2936],[108.6179,12.2835],[108.6078,12.2833],[108.5962,12.2768],[108.579,12.2855],[108.569,12.2955],[108.5505,12.2922],[108.5453,12.2972],[108.536,12.2905],[108.5393,12.2842],[108.5314,12.2792],[108.5101,12.2771],[108.4985,12.2864],[108.4996,12.2923],[108.4908,12.3065],[108.4745,12.2994],[108.4719,12.2879],[108.4653,12.2966],[108.4664,12.2835],[108.4588,12.2827],[108.4463,12.2727],[108.4366,12.2559],[108.4127,12.2436],[108.3874,12.241],[108.3709,12.2534],[108.3567,12.255],[108.3419,12.2453],[108.3359,12.2481],[108.3317,12.2308],[108.3121,12.2184],[108.2968,12.2025],[108.2949,12.2083],[108.2779,12.2144],[108.2728,12.2052],[108.2593,12.1995],[108.2487,12.177],[108.254,12.1733],[108.2395,12.1621],[108.2381,12.1759],[108.226,12.1824],[108.2241,12.1724],[108.2163,12.1839],[108.2047,12.1707],[108.1956,12.1766],[108.185,12.1743],[108.1781,12.1855],[108.1721,12.1803],[108.1672,12.1953],[108.1237,12.1755],[108.1134,12.1837],[108.1106,12.1999],[108.0966,12.2109],[108.0854,12.2261],[108.0839,12.2388],[108.0742,12.2547],[108.0625,12.2644],[108.0421,12.2681],[108.0398,12.289],[108.0197,12.2903],[108.015,12.3031],[108.0035,12.2966],[107.9984,12.3045],[107.9739,12.2966],[107.974,12.3071],[107.9539,12.3179],[107.9435,12.3289],[107.9445,12.3348],[107.9335,12.3449],[107.9347,12.3676],[107.9124,12.4003],[107.9215,12.4131],[107.9225,12.4279],[107.9309,12.4239],[107.9455,12.4406],[107.9666,12.4365],[107.9854,12.4466],[108.0015,12.477],[107.9917,12.4921],[107.9795,12.4966],[107.9727,12.5091],[107.9425,12.5258],[107.915,12.529],[107.9101,12.5254],[107.8881,12.5476],[107.8954,12.5525],[107.8933,12.5649],[107.9085,12.5756],[107.9282,12.5809],[107.9341,12.5872],[107.9288,12.601],[107.9291,12.616],[107.9204,12.6202],[107.9212,12.6429],[107.9044,12.6517],[107.9147,12.6588],[107.9071,12.6703],[107.9065,12.6811],[107.9119,12.6942],[107.8957,12.7113],[107.8994,12.7247],[107.9118,12.7368],[107.906,12.746],[107.8924,12.7526],[107.868,12.7513],[107.8559,12.7626],[107.8545,12.7828],[107.8636,12.7981],[107.8496,12.8117],[107.824,12.802],[107.8181,12.7896],[107.8025,12.7799],[107.7617,12.7785],[107.7433,12.7846],[107.7317,12.781],[107.7251,12.7851],[107.6787,12.7916],[107.6611,12.7985],[107.643,12.7958],[107.629,12.803],[107.6078,12.7951],[107.6018,12.8016],[107.5927,12.7961],[107.5757,12.7979],[107.5604,12.7954],[107.5625,12.7743],[107.5589,12.7622],[107.5599,12.7463],[107.5679,12.7283],[107.5596,12.7165],[107.5599,12.7076],[107.5673,12.7028],[107.5816,12.6786],[107.5708,12.668],[107.5693,12.6479],[107.5742,12.6307],[107.5855,12.6034],[107.5796,12.582],[107.585,12.5636],[107.5899,12.5588],[107.5754,12.5416],[107.5777,12.5354],[107.5682,12.5299],[107.562,12.5176],[107.5673,12.5066],[107.5801,12.4974],[107.5756,12.4778],[107.5658,12.4718],[107.5669,12.454],[107.5548,12.4338],[107.554,12.4245],[107.542,12.4108],[107.5474,12.3885],[107.5546,12.381],[107.5447,12.373],[107.5477,12.3603],[107.5436,12.3502],[107.536,12.351],[107.5257,12.3396],[107.5155,12.3363],[107.5017,12.3244],[107.4672,12.3105],[107.4663,12.3013],[107.4578,12.2939],[107.4439,12.2924],[107.4385,12.2701],[107.4419,12.2635],[107.4343,12.2523],[107.4348,12.2446],[107.4213,12.2461],[107.4164,12.239],[107.4106,12.2502],[107.397,12.256],[107.3992,12.2605],[107.3868,12.2715],[107.3888,12.2855],[107.3778,12.2947],[107.3768,12.3026],[107.3622,12.3198],[107.3438,12.3339],[107.338,12.3264],[107.313,12.3225],[107.3107,12.3343],[107.2812,12.3221],[107.2683,12.325],[107.2646,12.3165],[107.2564,12.315],[107.2295,12.2954],[107.2185,12.2997],[107.2062,12.2959],[107.223,12.1935],[107.2292,12.1339],[107.2222,12.1259],[107.2301,12.1149],[107.2405,12.1135],[107.2292,12.0861],[107.2337,12.0611],[107.2308,12.0522],[107.236,12.0362],[107.2455,12.0345],[107.243,12.0256],[107.275,12.0134],[107.2841,12.018],[107.2961,12.0157],[107.2939,12.0097],[107.3241,12.005],[107.3444,11.9797],[107.3518,11.964],[107.352,11.9464],[107.3593,11.9341],[107.3806,11.923],[107.4004,11.885],[107.409,11.865],[107.4186,11.8654],[107.4261,11.8585],[107.427,11.8459],[107.4141,11.8338],[107.4053,11.8187],[107.4095,11.8067],[107.3927,11.7898],[107.3972,11.7849],[107.3954,11.7705],[107.3738,11.7708],[107.3565,11.7618],[107.353,11.7525],[107.3272,11.7494],[107.3157,11.7406],[107.3006,11.7388],[107.2961,11.7291],[107.2855,11.7238],[107.2841,11.6987],[107.2785,11.6924],[107.2846,11.6854],[107.2777,11.6809],[107.2667,11.6623],[107.2724,11.6517],[107.2687,11.6429],[107.2728,11.6356],[107.2869,11.6314],[107.3034,11.6187],[107.3008,11.6061],[107.3059,11.6007],[107.298,11.5865],[107.3001,11.5778],[107.3121,11.5714],[107.3018,11.5703],[107.3103,11.5549],[107.3339,11.5533],[107.3383,11.5443],[107.3467,11.5445],[107.3549,11.5557],[107.3601,11.5819],[107.3663,11.5732],[107.3664,11.5614],[107.3605,11.5548],[107.371,11.5485],[107.3737,11.5555],[107.3791,11.5424],[107.376,11.5237],[107.3674,11.5184],[107.3742,11.5149],[107.3868,11.526],[107.4099,11.5282],[107.4199,11.5111],[107.428,11.5184],[107.4326,11.5123],[107.4523,11.5024],[107.4549,11.4924],[107.4722,11.4778],[107.4614,11.4724],[107.4618,11.4627],[107.4513,11.4588],[107.4453,11.447],[107.4304,11.4403],[107.4305,11.4251],[107.4463,11.4294],[107.4438,11.4195],[107.4534,11.4199],[107.4566,11.4301],[107.4718,11.4365],[107.4859,11.4298],[107.4888,11.4235],[107.4856,11.4079],[107.4876,11.3963],[107.4962,11.3964],[107.5012,11.3828],[107.5129,11.3846],[107.5166,11.3746],[107.5252,11.3691],[107.5351,11.3551],[107.5444,11.3666],[107.5416,11.3419],[107.5353,11.325],[107.5191,11.3138],[107.5239,11.2997],[107.5186,11.2857],[107.5234,11.2731],[107.5245,11.2517],[107.5183,11.2512],[107.5077,11.2371],[107.4967,11.2422],[107.4996,11.2294],[107.483,11.2203],[107.4881,11.216],[107.4784,11.2086],[107.4826,11.2008],[107.4739,11.2021],[107.4714,11.1854],[107.4605,11.1765],[107.4622,11.1678],[107.4547,11.1591],[107.4582,11.1524],[107.4345,11.1363],[107.4394,11.1253],[107.4541,11.1114],[107.4403,11.084],[107.4384,11.0889],[107.4229,11.0765],[107.4258,11.0639],[107.4169,11.0512],[107.3994,11.0535],[107.406,11.0429],[107.4224,11.0412],[107.4207,11.0371],[107.4477,11.0283],[107.4494,11.0212],[107.4646,11.0158],[107.4711,11.0082],[107.4811,11.0068],[107.4988,11.0155],[107.5345,10.9877],[107.5425,10.9782],[107.5603,10.937],[107.5598,10.8685],[107.5736,10.8473],[107.5777,10.8341],[107.5728,10.8169],[107.5613,10.7987],[107.532,10.778],[107.5049,10.7714],[107.5018,10.7612],[107.5079,10.7565],[107.506,10.7461],[107.5157,10.7351],[107.5259,10.7316],[107.5442,10.7058],[107.5464,10.6945],[107.5389,10.6761],[107.5489,10.6617],[107.5507,10.6513],[107.5682,10.619],[107.5644,10.6083],[107.5719,10.6002],[107.5677,10.5856],[107.5703,10.5681]]],[[[108.9565,10.5459],[108.9516,10.5524],[108.9305,10.5535],[108.9224,10.5462],[108.9265,10.5399],[108.9314,10.5138],[108.95,10.5038],[108.967,10.5076],[108.9675,10.5166],[108.9594,10.5214],[108.9545,10.539],[108.9565,10.5459]]]]},"properties":{"ma_tinh":"68","ten_tinh":"Lâm Đồng","sap_nhap":"Lâm Đồng, Đắk Nông, Bình Thuận","quy_mo":"124 đơn vị (20 phường, 103 xã và 1 đặc khu Phú Quý)","tru_so":"Số 4 Trần Hưng Đạo, Xuân Hương Đà Lạt, Lâm Đồng","loai":"Tỉnh","cap":1,"stt":26,"dien_tich_km2":24243.13,"dan_so":3872999,"mat_do_km2":159.76,"lat":11.67312697065648,"lon":107.97005788678712,"GEOlayersRenamed":"Lâm Đồng"}},
{"type":"Feature","geometry":{"type":"Polygon","coordinates":[[[106.1853,21.604],[106.1694,21.5953],[106.1671,21.5757],[106.1707,21.5499],[106.1675,21.5141],[106.1759,21.508],[106.1925,21.5056],[106.2098,21.4969],[106.238,21.4945],[106.2445,21.4818],[106.2732,21.4936],[106.2872,21.4905],[106.2827,21.4725],[106.287,21.466],[106.283,21.4565],[106.2946,21.4433],[106.3099,21.4517],[106.3145,21.4457],[106.3261,21.4481],[106.3332,21.4383],[106.3243,21.4094],[106.3515,21.396],[106.3673,21.3994],[106.3781,21.3936],[106.395,21.4052],[106.4159,21.4078],[106.4146,21.4174],[106.4056,21.429],[106.4176,21.4372],[106.433,21.438],[106.4387,21.4438],[106.4436,21.4362],[106.4525,21.4399],[106.4658,21.4368],[106.473,21.4479],[106.4826,21.4486],[106.4944,21.4828],[106.5095,21.4863],[106.5201,21.4964],[106.5173,21.509],[106.5069,21.5209],[106.5221,21.5354],[106.5274,21.5589],[106.54,21.5672],[106.5529,21.5835],[106.5573,21.595],[106.5727,21.6014],[106.5928,21.598],[106.615,21.608],[106.6368,21.6012],[106.6449,21.607],[106.6633,21.6047],[106.6703,21.609],[106.7027,21.5925],[106.6986,21.5726],[106.709,21.5609],[106.7269,21.5554],[106.734,21.5448],[106.7555,21.5408],[106.7617,21.5541],[106.7554,21.5626],[106.7586,21.5696],[106.7866,21.5779],[106.7879,21.5711],[106.8073,21.559],[106.8163,21.562],[106.8429,21.5596],[106.8502,21.5413],[106.8653,21.5337],[106.8622,21.5246],[106.8537,21.5259],[106.8507,21.5173],[106.8387,21.507],[106.8457,21.4938],[106.8675,21.4975],[106.8905,21.4895],[106.8891,21.4828],[106.9014,21.4731],[106.8911,21.4519],[106.9147,21.4296],[106.9265,21.441],[106.9285,21.4254],[106.9404,21.4353],[106.9517,21.4235],[106.9592,21.4247],[106.9692,21.436],[106.9869,21.4397],[107.0038,21.4215],[106.9916,21.4148],[106.9855,21.4022],[106.993,21.3813],[106.9881,21.3585],[107.0165,21.3438],[107.0218,21.3315],[107.0318,21.3253],[107.0522,21.3302],[107.0626,21.3476],[107.0774,21.3459],[107.0955,21.36],[107.0971,21.374],[107.1115,21.3761],[107.1268,21.3692],[107.1433,21.3695],[107.1469,21.3643],[107.1583,21.3685],[107.1707,21.3635],[107.1933,21.379],[107.2038,21.3787],[107.2166,21.389],[107.2355,21.3735],[107.2404,21.364],[107.2524,21.3664],[107.2649,21.4003],[107.2576,21.4046],[107.2576,21.417],[107.2417,21.4345],[107.2453,21.4396],[107.2385,21.4591],[107.2399,21.4734],[107.2461,21.484],[107.2397,21.4911],[107.2387,21.5058],[107.2311,21.5215],[107.2229,21.5194],[107.2165,21.5316],[107.2046,21.5408],[107.2167,21.5521],[107.2326,21.5545],[107.2466,21.5486],[107.2486,21.5578],[107.2602,21.5645],[107.273,21.5622],[107.2825,21.567],[107.2841,21.5773],[107.2932,21.5918],[107.3095,21.596],[107.3136,21.5903],[107.3225,21.5943],[107.3289,21.5885],[107.341,21.5885],[107.3478,21.596],[107.3586,21.595],[107.3619,21.6007],[107.3543,21.6309],[107.3639,21.6402],[107.3568,21.6707],[107.347,21.6748],[107.3446,21.6883],[107.3198,21.7144],[107.3225,21.7254],[107.3139,21.7259],[107.3032,21.7415],[107.264,21.7297],[107.2498,21.7168],[107.249,21.7057],[107.2211,21.7081],[107.1971,21.7211],[107.1979,21.7327],[107.185,21.7473],[107.167,21.7502],[107.1604,21.7575],[107.1404,21.7625],[107.1339,21.7759],[107.1272,21.7755],[107.1118,21.7938],[107.1009,21.7941],[107.0857,21.8078],[107.0611,21.8094],[107.0255,21.8192],[107.0183,21.8271],[107.0042,21.8332],[107.0052,21.8466],[107.0181,21.864],[107.0315,21.8691],[107.0408,21.8792],[107.0551,21.8842],[107.0631,21.8944],[107.055,21.921],[107.0479,21.9301],[107.0257,21.9379],[107.0241,21.945],[107.0004,21.9444],[106.9923,21.9518],[106.9795,21.9267],[106.961,21.9191],[106.9537,21.9307],[106.9299,21.9309],[106.9293,21.9417],[106.9212,21.9544],[106.9241,21.9628],[106.9186,21.9743],[106.9037,21.9716],[106.8804,21.982],[106.8467,21.9797],[106.8328,21.9819],[106.8328,21.9749],[106.812,21.9734],[106.7997,21.9805],[106.7978,21.9903],[106.7895,21.9893],[106.7844,22.004],[106.7693,22.0125],[106.7363,22.0076],[106.7372,22.0001],[106.7284,21.9853],[106.716,21.9722],[106.6989,21.9604],[106.6911,21.9641],[106.6919,21.9732],[106.6833,21.9854],[106.6833,22.004],[106.7088,22.0255],[106.706,22.0385],[106.6969,22.0447],[106.7065,22.0655],[106.705,22.085],[106.7116,22.0898],[106.7098,22.1016],[106.6986,22.1067],[106.6924,22.1191],[106.697,22.154],[106.7063,22.1561],[106.7028,22.1639],[106.6936,22.1621],[106.678,22.1704],[106.6695,22.1866],[106.679,22.1939],[106.6782,22.2054],[106.6872,22.2031],[106.6986,22.2103],[106.6982,22.2241],[106.6904,22.2549],[106.684,22.2652],[106.6906,22.2781],[106.677,22.2856],[106.6668,22.286],[106.6683,22.3076],[106.6591,22.3176],[106.66,22.3342],[106.6486,22.3398],[106.6353,22.3397],[106.6206,22.3331],[106.6128,22.3406],[106.599,22.3382],[106.59,22.3435],[106.5805,22.3399],[106.5582,22.3486],[106.5616,22.3643],[106.5687,22.365],[106.5854,22.3778],[106.5843,22.396],[106.5714,22.4046],[106.5606,22.4225],[106.5354,22.4192],[106.5298,22.4075],[106.516,22.3985],[106.5041,22.4052],[106.4899,22.4007],[106.4924,22.3939],[106.4837,22.3901],[106.4891,22.3825],[106.4876,22.3681],[106.4514,22.3569],[106.4407,22.3633],[106.4231,22.3599],[106.4119,22.3707],[106.3968,22.3741],[106.3769,22.3589],[106.3631,22.3566],[106.3523,22.3626],[106.3412,22.3761],[106.3447,22.3907],[106.3323,22.4032],[106.3287,22.413],[106.3191,22.4075],[106.2985,22.4237],[106.288,22.427],[106.2774,22.4474],[106.2601,22.4504],[106.2397,22.4616],[106.2304,22.4545],[106.2216,22.4551],[106.2017,22.4326],[106.1924,22.4158],[106.194,22.4077],[106.1867,22.4002],[106.1843,22.3871],[106.1913,22.376],[106.2087,22.3684],[106.2201,22.3478],[106.2085,22.3376],[106.201,22.3229],[106.2002,22.3096],[106.2148,22.2883],[106.2345,22.2792],[106.2454,22.2669],[106.2472,22.256],[106.242,22.2471],[106.2376,22.2213],[106.2251,22.214],[106.2212,22.1977],[106.2338,22.1778],[106.197,22.1431],[106.1913,22.1438],[106.1808,22.1284],[106.1857,22.1173],[106.1724,22.1129],[106.163,22.1033],[106.1572,22.0818],[106.1399,22.0864],[106.123,22.0857],[106.1144,22.0729],[106.1,22.0714],[106.1029,22.0457],[106.0969,22.0301],[106.1086,22.0214],[106.1101,21.998],[106.1155,21.978],[106.1113,21.9616],[106.0988,21.9592],[106.0992,21.9508],[106.1127,21.9497],[106.0979,21.9384],[106.1321,21.9205],[106.1272,21.8988],[106.1149,21.8944],[106.1154,21.8702],[106.1105,21.861],[106.117,21.8416],[106.1066,21.8407],[106.1082,21.8324],[106.0956,21.8213],[106.1077,21.8031],[106.1065,21.7904],[106.1111,21.7819],[106.1379,21.7847],[106.1394,21.7779],[106.1602,21.7552],[106.1654,21.7554],[106.1821,21.7416],[106.196,21.7413],[106.1966,21.7354],[106.2181,21.7264],[106.2254,21.7318],[106.2354,21.7268],[106.2383,21.7179],[106.226,21.6905],[106.2216,21.6727],[106.2054,21.6626],[106.204,21.6539],[106.1928,21.6479],[106.1974,21.6187],[106.1853,21.604]]]},"properties":{"ma_tinh":"20","ten_tinh":"Lạng Sơn","sap_nhap":"không sáp nhập","quy_mo":"65 đơn vị (4 phường, 61 xã)","tru_so":"Đang cập nhật","loai":"Tỉnh","cap":1,"stt":11,"dien_tich_km2":8309.67,"dan_so":881384,"mat_do_km2":106.07,"lat":21.838538308634288,"lon":106.62068119205944,"GEOlayersRenamed":"Lạng Sơn"}},
{"type":"Feature","geometry":{"type":"Polygon","coordinates":[[[103.9222,21.7],[103.9377,21.6913],[103.9361,21.6701],[103.9585,21.6697],[103.9641,21.6788],[103.9714,21.6728],[103.9848,21.6782],[104.0058,21.6724],[104.0069,21.6658],[104.0268,21.6723],[104.0481,21.6585],[104.0807,21.6493],[104.0929,21.6421],[104.102,21.6473],[104.1157,21.6464],[104.1448,21.6549],[104.1531,21.6433],[104.174,21.6364],[104.1757,21.6481],[104.1919,21.6472],[104.2043,21.6557],[104.2118,21.6707],[104.2316,21.6729],[104.2558,21.6699],[104.255,21.6656],[104.2861,21.6609],[104.3053,21.6533],[104.3177,21.6566],[104.3389,21.6533],[104.3403,21.6423],[104.3311,21.6376],[104.3197,21.6205],[104.306,21.6079],[104.2908,21.6027],[104.2985,21.5718],[104.2877,21.5686],[104.2769,21.5509],[104.2831,21.5363],[104.2935,21.5245],[104.2929,21.5024],[104.2844,21.4916],[104.2821,21.4722],[104.2887,21.4623],[104.301,21.4575],[104.2986,21.4394],[104.3038,21.4333],[104.3202,21.4277],[104.3312,21.4082],[104.3436,21.4104],[104.347,21.4194],[104.3642,21.401],[104.3826,21.3893],[104.3951,21.3923],[104.4101,21.3878],[104.4185,21.3798],[104.4202,21.3606],[104.4341,21.3535],[104.4477,21.357],[104.4701,21.3513],[104.4818,21.357],[104.4934,21.3733],[104.5051,21.377],[104.5142,21.3959],[104.5312,21.4143],[104.5534,21.409],[104.5692,21.413],[104.5788,21.4087],[104.5878,21.423],[104.6071,21.4159],[104.6106,21.4065],[104.6435,21.384],[104.6549,21.3833],[104.6764,21.3754],[104.6855,21.377],[104.6898,21.4008],[104.7022,21.4066],[104.7102,21.3997],[104.7247,21.4007],[104.7329,21.4061],[104.7341,21.3835],[104.7479,21.3678],[104.7488,21.3524],[104.7689,21.3443],[104.7682,21.3313],[104.7789,21.3259],[104.7948,21.3351],[104.8139,21.3326],[104.8271,21.3402],[104.8324,21.3372],[104.8474,21.3434],[104.8448,21.3515],[104.8545,21.3519],[104.8535,21.3645],[104.8642,21.3648],[104.8718,21.3493],[104.8829,21.3418],[104.8979,21.3433],[104.9009,21.352],[104.8838,21.3731],[104.8823,21.3901],[104.8944,21.3932],[104.9079,21.4141],[104.906,21.4266],[104.9127,21.4351],[104.9115,21.4487],[104.8967,21.4703],[104.8943,21.484],[104.8821,21.5092],[104.8852,21.5218],[104.8787,21.535],[104.8708,21.5397],[104.8677,21.5498],[104.8735,21.5563],[104.8887,21.5582],[104.8991,21.5651],[104.8933,21.5896],[104.893,21.6083],[104.9058,21.6081],[104.9031,21.625],[104.9195,21.6396],[104.9313,21.641],[104.9381,21.6514],[104.9571,21.6606],[104.9725,21.6464],[104.9726,21.6564],[104.9871,21.663],[104.9799,21.6718],[105,21.6798],[105.0004,21.6884],[105.0199,21.6878],[105.0201,21.6968],[105.0308,21.7015],[105.0446,21.69],[105.0576,21.6854],[105.0611,21.6902],[105.0733,21.6805],[105.0981,21.6801],[105.096,21.7004],[105.087,21.7019],[105.0919,21.7124],[105.0865,21.7184],[105.0768,21.7224],[105.0762,21.7357],[105.058,21.7453],[105.0721,21.7544],[105.0816,21.7714],[105.0717,21.7816],[105.0807,21.79],[105.0886,21.8073],[105.1004,21.8115],[105.089,21.828],[105.0752,21.8321],[105.0626,21.8469],[105.0585,21.8581],[105.0441,21.8657],[105.0412,21.8858],[105.0369,21.8914],[105.0242,21.892],[105.0143,21.8981],[105.0146,21.9078],[105.0221,21.9175],[105.0191,21.9357],[105.0094,21.9374],[104.9968,21.9287],[104.9893,21.9315],[104.9876,21.944],[104.993,21.953],[104.9927,21.9713],[104.9996,21.9882],[104.9898,22.0016],[104.9963,22.0143],[104.9923,22.0185],[104.9968,22.0442],[104.9712,22.0396],[104.9626,22.0288],[104.9461,22.0359],[104.9417,22.0517],[104.9283,22.0618],[104.9183,22.0588],[104.9128,22.0651],[104.902,22.0644],[104.8937,22.0723],[104.8818,22.0722],[104.8648,22.0965],[104.8636,22.1186],[104.8596,22.1345],[104.8622,22.1479],[104.8542,22.1569],[104.8556,22.1703],[104.8458,22.185],[104.8308,22.1786],[104.8229,22.184],[104.8071,22.1719],[104.7768,22.1755],[104.7636,22.1676],[104.754,22.1777],[104.7551,22.1856],[104.741,22.1856],[104.7337,22.1963],[104.724,22.1987],[104.7199,22.2153],[104.7294,22.225],[104.7278,22.2456],[104.7218,22.2579],[104.7045,22.2641],[104.6871,22.2612],[104.6765,22.2649],[104.67,22.2768],[104.6608,22.2731],[104.6502,22.2805],[104.6419,22.2764],[104.6287,22.2872],[104.6174,22.2866],[104.6092,22.2927],[104.5857,22.264],[104.5865,22.2531],[104.573,22.244],[104.554,22.2412],[104.5482,22.2493],[104.5444,22.2774],[104.5588,22.2834],[104.5797,22.3049],[104.5728,22.3257],[104.5643,22.3304],[104.5731,22.3425],[104.5811,22.3459],[104.5752,22.3537],[104.5553,22.3534],[104.5467,22.3609],[104.5537,22.3725],[104.546,22.3818],[104.5136,22.3985],[104.5077,22.4054],[104.4974,22.4047],[104.4908,22.4196],[104.467,22.4242],[104.4491,22.4497],[104.4488,22.4612],[104.4563,22.4643],[104.4725,22.4832],[104.469,22.4903],[104.4525,22.496],[104.4451,22.5039],[104.4437,22.5147],[104.4346,22.523],[104.4149,22.5305],[104.4236,22.5511],[104.4242,22.5722],[104.4505,22.5755],[104.4666,22.5741],[104.4638,22.5982],[104.4589,22.604],[104.4442,22.6063],[104.4322,22.6149],[104.4358,22.6278],[104.4292,22.6443],[104.4243,22.6322],[104.4066,22.6296],[104.4155,22.6434],[104.4065,22.656],[104.4021,22.6811],[104.3648,22.6729],[104.3532,22.6761],[104.3343,22.6904],[104.3418,22.7119],[104.3385,22.7222],[104.3205,22.732],[104.3015,22.7304],[104.2812,22.7411],[104.2694,22.7419],[104.2702,22.7505],[104.2572,22.7679],[104.255,22.7785],[104.2706,22.8262],[104.2673,22.8401],[104.2557,22.8448],[104.2436,22.8439],[104.2196,22.8289],[104.2161,22.8318],[104.1856,22.8257],[104.1758,22.8202],[104.164,22.8218],[104.1416,22.8066],[104.1333,22.805],[104.1269,22.8137],[104.115,22.8113],[104.0941,22.7886],[104.0895,22.7723],[104.0654,22.7571],[104.0462,22.7345],[104.0287,22.6874],[104.0398,22.6792],[104.0347,22.6701],[104.0296,22.6259],[104.0192,22.5952],[104.0144,22.5931],[104.014,22.5789],[104.0052,22.5756],[104.0164,22.5641],[104.01,22.5614],[104.0144,22.5437],[104.0055,22.538],[104.0124,22.5237],[104.0046,22.5171],[103.99,22.5194],[103.98,22.5079],[103.9696,22.5116],[103.9641,22.5057],[103.9517,22.5136],[103.9451,22.5253],[103.9319,22.528],[103.9282,22.538],[103.9187,22.5334],[103.9154,22.5426],[103.8921,22.5681],[103.8766,22.5655],[103.8579,22.5888],[103.8452,22.5967],[103.8402,22.6057],[103.8259,22.6155],[103.8111,22.642],[103.7927,22.6625],[103.7822,22.6697],[103.7672,22.6911],[103.7519,22.6877],[103.7372,22.7031],[103.7384,22.7121],[103.7021,22.7453],[103.6844,22.7533],[103.6817,22.7623],[103.6688,22.7686],[103.6634,22.7854],[103.6461,22.7949],[103.6174,22.7839],[103.6205,22.775],[103.6086,22.7638],[103.61,22.7572],[103.5986,22.7497],[103.5823,22.7249],[103.5749,22.7224],[103.5629,22.6985],[103.569,22.6779],[103.5795,22.6651],[103.5708,22.6421],[103.5534,22.6376],[103.5456,22.6129],[103.5308,22.5949],[103.533,22.5843],[103.5487,22.5885],[103.5728,22.5782],[103.5665,22.5687],[103.5799,22.5457],[103.5836,22.5322],[103.5952,22.5272],[103.5864,22.5125],[103.5872,22.5059],[103.578,22.4918],[103.5655,22.4844],[103.555,22.4713],[103.5688,22.457],[103.5719,22.4469],[103.5885,22.4364],[103.5877,22.4299],[103.6029,22.4253],[103.6035,22.4101],[103.6256,22.3962],[103.646,22.4042],[103.6758,22.4032],[103.6964,22.4088],[103.7013,22.4062],[103.7147,22.4136],[103.7307,22.4164],[103.7486,22.4072],[103.7641,22.391],[103.7677,22.3545],[103.7806,22.3488],[103.7819,22.3374],[103.7689,22.3318],[103.7708,22.3207],[103.7613,22.3118],[103.7792,22.3018],[103.7864,22.3033],[103.8177,22.2797],[103.8273,22.2687],[103.8289,22.2599],[103.8399,22.2479],[103.8443,22.2351],[103.8423,22.2258],[103.8511,22.2205],[103.8571,22.2059],[103.873,22.1991],[103.8723,22.1888],[103.8654,22.1821],[103.872,22.1765],[103.8881,22.1742],[103.899,22.1579],[103.9138,22.1449],[103.9369,22.1413],[103.937,22.119],[103.9443,22.0982],[103.9386,22.0818],[103.9531,22.0629],[103.9574,22.0489],[103.953,22.0263],[103.9656,22.0136],[103.9561,21.9993],[103.9672,21.9892],[103.9743,21.9755],[103.985,21.9672],[103.9692,21.957],[103.9612,21.9451],[103.9621,21.9354],[103.9423,21.9173],[103.9185,21.9317],[103.9055,21.9211],[103.8885,21.9142],[103.8868,21.8914],[103.8899,21.8648],[103.9162,21.8403],[103.9176,21.8294],[103.9365,21.8185],[103.9504,21.8018],[103.9512,21.7892],[103.967,21.7703],[103.9633,21.7577],[103.9515,21.7523],[103.9531,21.7407],[103.9307,21.7431],[103.9159,21.7335],[103.9117,21.7165],[103.9218,21.7076],[103.9222,21.7]]]},"properties":{"ma_tinh":"15","ten_tinh":"Lào Cai","sap_nhap":"Lào Cai, Yên Bái","quy_mo":"99 đơn vị (10 phường, 89 xã)","tru_so":"Số 963 Yên Ninh, Yên Bái, Lào Cai","loai":"Tỉnh","cap":1,"stt":9,"dien_tich_km2":13256.61,"dan_so":1770645,"mat_do_km2":133.57,"lat":22.085416000000002,"lon":104.29030900000001,"GEOlayersRenamed":"Lào Cai"}},
{"type":"Feature","geometry":{"type":"MultiPolygon","coordinates":[[[[104.9212,19.9978],[104.9111,19.9882],[104.9109,19.9774],[104.8949,19.9576],[104.8648,19.9458],[104.8439,19.9252],[104.8462,19.9076],[104.8416,19.8858],[104.8503,19.8718],[104.8452,19.8617],[104.8351,19.8577],[104.835,19.8507],[104.8497,19.8431],[104.8361,19.8236],[104.8387,19.8088],[104.8364,19.7959],[104.8271,19.7858],[104.8028,19.7861],[104.7995,19.7903],[104.7839,19.7841],[104.7764,19.7759],[104.7635,19.776],[104.7679,19.7636],[104.7579,19.7507],[104.7393,19.7488],[104.7309,19.7564],[104.701,19.7359],[104.6972,19.7254],[104.6863,19.7229],[104.6785,19.7104],[104.6632,19.7026],[104.6715,19.6832],[104.6603,19.6728],[104.6608,19.6601],[104.6463,19.6552],[104.6535,19.6365],[104.6495,19.626],[104.6353,19.6222],[104.6124,19.6339],[104.6017,19.6292],[104.5792,19.6263],[104.5703,19.6134],[104.5601,19.6099],[104.5456,19.6188],[104.5393,19.6121],[104.5268,19.6129],[104.5089,19.6209],[104.4921,19.6535],[104.4764,19.6544],[104.4674,19.6485],[104.4537,19.6521],[104.4486,19.6698],[104.4272,19.6715],[104.4217,19.6807],[104.4237,19.699],[104.4197,19.7053],[104.4037,19.7041],[104.3973,19.6966],[104.3536,19.6928],[104.3429,19.6866],[104.3392,19.6775],[104.32,19.6673],[104.3208,19.6869],[104.3052,19.6972],[104.2872,19.694],[104.2685,19.6973],[104.2636,19.7034],[104.2362,19.7076],[104.2099,19.7029],[104.1996,19.6923],[104.1936,19.695],[104.174,19.6924],[104.164,19.6968],[104.1564,19.685],[104.1578,19.6714],[104.1523,19.666],[104.107,19.661],[104.0932,19.6653],[104.071,19.6822],[104.0734,19.6762],[104.0657,19.6582],[104.0575,19.6517],[104.0695,19.6365],[104.0606,19.621],[104.0654,19.6106],[104.087,19.5806],[104.1066,19.5707],[104.1058,19.5469],[104.1099,19.5333],[104.1037,19.5239],[104.1231,19.5039],[104.1154,19.4911],[104.0989,19.4924],[104.0853,19.4801],[104.0859,19.4667],[104.0647,19.4529],[104.0756,19.4503],[104.0707,19.4156],[104.0536,19.4188],[104.0512,19.426],[104.033,19.4156],[104.023,19.4159],[104.0141,19.4022],[103.9971,19.4054],[103.9754,19.3981],[103.9577,19.3837],[103.9598,19.3692],[103.9533,19.3584],[103.9305,19.3435],[103.92,19.3423],[103.9075,19.3296],[103.895,19.3308],[103.8769,19.3196],[103.8762,19.3057],[103.8903,19.3008],[103.9,19.3089],[103.9177,19.3016],[103.9241,19.2852],[103.9685,19.2473],[103.9951,19.2379],[104.0023,19.2291],[104.0103,19.234],[104.048,19.243],[104.0596,19.2399],[104.0706,19.2472],[104.0836,19.2337],[104.095,19.228],[104.1031,19.2125],[104.1133,19.2233],[104.1308,19.2033],[104.1488,19.1997],[104.1816,19.1981],[104.1946,19.1813],[104.2004,19.1616],[104.225,19.1557],[104.2195,19.1418],[104.2199,19.1309],[104.214,19.1206],[104.2348,19.1119],[104.2505,19.1102],[104.2738,19.1202],[104.2996,19.1136],[104.3056,19.0954],[104.339,19.0758],[104.3543,19.0705],[104.3669,19.0741],[104.384,19.0602],[104.4029,19.0553],[104.401,19.0386],[104.4131,19.0305],[104.4265,19.0156],[104.4226,19.0064],[104.431,19.0052],[104.4462,18.9929],[104.4484,18.9856],[104.4627,18.9912],[104.4729,18.9875],[104.4769,18.999],[104.4847,19.0053],[104.5053,18.998],[104.513,18.9814],[104.5295,18.9856],[104.5435,18.9741],[104.5437,18.9594],[104.5652,18.934],[104.5796,18.9012],[104.5893,18.9038],[104.6088,18.8932],[104.6162,18.894],[104.6298,18.8856],[104.6272,18.8795],[104.6361,18.8697],[104.6556,18.8652],[104.6692,18.8528],[104.6769,18.8374],[104.6906,18.8353],[104.6988,18.8405],[104.7058,18.8362],[104.715,18.8405],[104.7148,18.8299],[104.7217,18.8172],[104.737,18.8149],[104.739,18.8006],[104.7589,18.7953],[104.7847,18.802],[104.7893,18.7903],[104.7995,18.7825],[104.8166,18.7822],[104.8315,18.7857],[104.846,18.7837],[104.8571,18.7747],[104.8729,18.7866],[104.8922,18.7836],[104.9135,18.7908],[104.9383,18.7735],[104.9425,18.7386],[104.9681,18.7428],[104.9835,18.7393],[104.9938,18.743],[104.9975,18.7368],[105.0168,18.7427],[105.0203,18.7308],[105.0415,18.7243],[105.0517,18.729],[105.06,18.7236],[105.05,18.7079],[105.0671,18.7082],[105.0728,18.7037],[105.0822,18.7081],[105.1058,18.7033],[105.1164,18.7138],[105.1327,18.7148],[105.1455,18.7015],[105.1347,18.689],[105.1414,18.6789],[105.1508,18.679],[105.1617,18.6697],[105.1678,18.6577],[105.1835,18.6577],[105.1897,18.6461],[105.1995,18.6391],[105.1911,18.6247],[105.1956,18.6189],[105.1884,18.602],[105.2184,18.5977],[105.2274,18.5879],[105.2391,18.6027],[105.2668,18.6198],[105.2821,18.6238],[105.2957,18.6219],[105.3047,18.6073],[105.3304,18.6017],[105.3386,18.5903],[105.3594,18.5816],[105.3976,18.5799],[105.4177,18.5908],[105.433,18.5883],[105.4367,18.5966],[105.4799,18.6139],[105.5016,18.6112],[105.5177,18.5973],[105.5184,18.5837],[105.5266,18.576],[105.5309,18.561],[105.5462,18.5521],[105.5589,18.5595],[105.5837,18.5588],[105.5893,18.5728],[105.6173,18.5788],[105.6192,18.5674],[105.6539,18.5792],[105.6679,18.5755],[105.6809,18.5799],[105.6893,18.5956],[105.6902,18.6274],[105.7046,18.6356],[105.7142,18.6647],[105.7267,18.673],[105.754,18.6686],[105.7682,18.6775],[105.7662,18.6894],[105.7574,18.703],[105.7416,18.7438],[105.7465,18.7527],[105.7588,18.7604],[105.7589,18.7713],[105.7476,18.7798],[105.7278,18.8031],[105.7174,18.8249],[105.717,18.8519],[105.7051,18.8535],[105.691,18.8738],[105.6679,18.8798],[105.6605,18.8895],[105.6565,18.885],[105.6372,18.897],[105.6228,18.9465],[105.6189,18.9881],[105.6204,19.0139],[105.6287,19.0435],[105.6519,19.0824],[105.6748,19.0986],[105.6882,19.0841],[105.7256,19.1028],[105.7369,19.103],[105.731,19.1152],[105.7296,19.1409],[105.732,19.1932],[105.7389,19.2209],[105.7577,19.2326],[105.7575,19.2251],[105.7666,19.2284],[105.7775,19.2662],[105.7835,19.2747],[105.7943,19.2719],[105.802,19.276],[105.8048,19.2871],[105.8003,19.3014],[105.7659,19.2926],[105.7549,19.307],[105.7483,19.302],[105.7417,19.3235],[105.7246,19.3135],[105.715,19.3032],[105.694,19.3043],[105.6878,19.3008],[105.6756,19.3162],[105.6767,19.3228],[105.6645,19.3142],[105.6681,19.3397],[105.6553,19.343],[105.6531,19.3532],[105.6427,19.3533],[105.6377,19.3674],[105.6328,19.3658],[105.6286,19.3795],[105.6204,19.3826],[105.6089,19.3682],[105.5906,19.3702],[105.5813,19.3826],[105.5832,19.3887],[105.5671,19.4027],[105.5615,19.4145],[105.5433,19.4348],[105.5383,19.4547],[105.5242,19.464],[105.5008,19.4628],[105.4923,19.4517],[105.4824,19.4479],[105.4682,19.4572],[105.4455,19.4409],[105.435,19.4554],[105.4095,19.4573],[105.4037,19.4498],[105.3899,19.4559],[105.3913,19.4669],[105.3666,19.4989],[105.3713,19.5148],[105.3534,19.5383],[105.3413,19.5382],[105.325,19.5097],[105.3088,19.4986],[105.3086,19.4896],[105.2934,19.4805],[105.2892,19.4916],[105.2768,19.494],[105.2799,19.5032],[105.2722,19.5071],[105.2745,19.5197],[105.2673,19.5295],[105.2742,19.5471],[105.2715,19.5563],[105.2808,19.5638],[105.278,19.585],[105.2729,19.5883],[105.2815,19.5956],[105.2812,19.6039],[105.2689,19.6073],[105.2672,19.6246],[105.2615,19.6393],[105.2483,19.6556],[105.2418,19.6566],[105.2362,19.6444],[105.2238,19.6486],[105.2121,19.662],[105.1837,19.6781],[105.1709,19.6798],[105.1634,19.6862],[105.1637,19.6986],[105.1532,19.7075],[105.1622,19.7197],[105.1331,19.7438],[105.1376,19.7655],[105.1302,19.7782],[105.1323,19.7861],[105.1275,19.8014],[105.1323,19.8079],[105.1312,19.8271],[105.1462,19.837],[105.1479,19.8542],[105.1603,19.8536],[105.185,19.858],[105.1881,19.8676],[105.1788,19.88],[105.1712,19.899],[105.1682,19.9157],[105.1547,19.9233],[105.1348,19.9213],[105.0928,19.9399],[105.0576,19.9314],[105.0428,19.9417],[105.0369,19.9393],[105.0167,19.9533],[104.9996,19.9565],[105.0002,19.9623],[104.978,19.9769],[104.966,19.9753],[104.9628,19.9898],[104.9243,19.9905],[104.9212,19.9978]]],[[[105.9662,18.7909],[105.9525,18.8055],[105.9592,18.7933],[105.9662,18.7909]]]]},"properties":{"ma_tinh":"40","ten_tinh":"Nghệ An","sap_nhap":"không sáp nhập","quy_mo":"130 đơn vị (11 phường, 119 xã)","tru_so":"Số 3 Trường Thi, Trường Vinh, Nghệ An","loai":"Tỉnh","cap":1,"stt":17,"dien_tich_km2":16486.49,"dan_so":3831694,"mat_do_km2":232.41,"lat":19.236395043522133,"lon":104.9460244286532,"GEOlayersRenamed":"Nghệ An"}},
{"type":"Feature","geometry":{"type":"MultiPolygon","coordinates":[[[[105.5428,20.3615],[105.5505,20.3468],[105.5476,20.3351],[105.5649,20.3241],[105.5785,20.3118],[105.5996,20.3118],[105.6202,20.282],[105.6508,20.2734],[105.6776,20.2475],[105.6821,20.2353],[105.6935,20.2309],[105.6927,20.2214],[105.701,20.218],[105.7396,20.1925],[105.7398,20.1852],[105.7584,20.1787],[105.7928,20.171],[105.8083,20.158],[105.8316,20.1506],[105.839,20.1408],[105.8547,20.1378],[105.8735,20.1218],[105.8942,20.1186],[105.9103,20.1049],[105.9246,20.1014],[105.9301,20.0906],[105.9597,20.0654],[105.9936,20.0688],[106.0144,20.0648],[106.0237,20.0587],[106.0719,20.0666],[106.076,20.0627],[106.0661,20.0372],[106.0614,20.0183],[106.0533,20.0052],[106.0331,19.9996],[106.024,19.9826],[106.0253,19.9656],[106.0429,19.9442],[106.0518,19.9278],[106.0675,19.9157],[106.0881,19.9318],[106.1007,19.9241],[106.1096,19.9361],[106.107,19.9206],[106.0938,19.9036],[106.0988,19.9014],[106.0894,19.8915],[106.0922,19.8851],[106.1046,19.889],[106.1215,19.905],[106.1489,19.9405],[106.1544,19.9442],[106.1827,19.9824],[106.1888,20.0051],[106.2012,20.0039],[106.2505,20.0606],[106.2558,20.0638],[106.2933,20.1071],[106.2992,20.1113],[106.327,20.1442],[106.3623,20.1799],[106.3848,20.1922],[106.3895,20.1991],[106.4097,20.2067],[106.4286,20.2077],[106.4378,20.2129],[106.4404,20.202],[106.46,20.2036],[106.4812,20.1955],[106.5129,20.1961],[106.5157,20.1937],[106.5357,20.2014],[106.564,20.2035],[106.5831,20.2162],[106.5859,20.2317],[106.5789,20.2517],[106.5827,20.2529],[106.5765,20.2685],[106.5392,20.303],[106.5313,20.3139],[106.4955,20.3069],[106.4756,20.2909],[106.4488,20.2913],[106.4327,20.2993],[106.4083,20.3305],[106.3983,20.3389],[106.3756,20.3444],[106.3554,20.3543],[106.3434,20.3748],[106.3386,20.3771],[106.2939,20.3392],[106.2705,20.3267],[106.2611,20.3282],[106.2523,20.3486],[106.2583,20.3606],[106.2793,20.3756],[106.2867,20.3877],[106.281,20.4018],[106.2635,20.406],[106.2336,20.4059],[106.2191,20.4122],[106.2111,20.4217],[106.2105,20.4313],[106.2204,20.4457],[106.2255,20.4648],[106.2186,20.4758],[106.2076,20.4796],[106.189,20.48],[106.1783,20.5003],[106.1793,20.5214],[106.1731,20.5463],[106.166,20.5584],[106.1363,20.5714],[106.1297,20.5831],[106.1288,20.605],[106.1253,20.6146],[106.1035,20.6178],[106.0769,20.6031],[106.0542,20.6116],[106.0364,20.6311],[106.0325,20.6452],[106.0375,20.6717],[106.024,20.6965],[106.0032,20.7036],[105.9886,20.6825],[105.9785,20.6738],[105.9775,20.6658],[105.964,20.6637],[105.958,20.6508],[105.9466,20.6542],[105.9434,20.6632],[105.9469,20.6761],[105.9433,20.682],[105.92,20.6759],[105.9032,20.6645],[105.8961,20.6688],[105.8965,20.6517],[105.8797,20.6432],[105.8593,20.6447],[105.8402,20.6572],[105.823,20.6645],[105.8195,20.6608],[105.833,20.6499],[105.8324,20.6452],[105.8114,20.6295],[105.8149,20.6188],[105.806,20.611],[105.8113,20.6046],[105.8037,20.5988],[105.7946,20.5674],[105.7687,20.5653],[105.7735,20.5497],[105.7866,20.5348],[105.7951,20.5117],[105.8011,20.5138],[105.8061,20.4995],[105.8201,20.506],[105.8246,20.4887],[105.8441,20.4779],[105.8524,20.4782],[105.8523,20.4476],[105.8569,20.426],[105.8369,20.421],[105.8248,20.4295],[105.8301,20.419],[105.8077,20.4291],[105.7986,20.4393],[105.7925,20.4543],[105.7827,20.4368],[105.7738,20.4405],[105.7517,20.4387],[105.7589,20.4146],[105.7525,20.4127],[105.7546,20.3881],[105.7601,20.3788],[105.7572,20.3672],[105.7466,20.3671],[105.7459,20.3822],[105.7298,20.3857],[105.733,20.3987],[105.7053,20.412],[105.6855,20.4106],[105.6983,20.3963],[105.6927,20.3917],[105.7064,20.3844],[105.7046,20.3755],[105.7246,20.342],[105.7298,20.339],[105.723,20.3288],[105.7035,20.3248],[105.6857,20.3051],[105.6758,20.3056],[105.6492,20.328],[105.6423,20.3389],[105.6272,20.3466],[105.6217,20.345],[105.6008,20.3628],[105.5816,20.3697],[105.571,20.3595],[105.5428,20.3615]]],[[[106.0966,19.9254],[106.0891,19.9301],[106.0676,19.9144],[106.0725,19.9069],[106.0829,19.9103],[106.0966,19.9254]]],[[[106.0652,19.8679],[106.0747,19.8715],[106.0773,19.881],[106.0652,19.8679]]]]},"properties":{"ma_tinh":"37","ten_tinh":"Ninh Bình","sap_nhap":"Hà Nam, Ninh Bình, Nam Định","quy_mo":"129 đơn vị (32 phường, 97 xã)","tru_so":"Số 3 Lê Hồng Phong, Vân Giang, Ninh Bình","loai":"Tỉnh","cap":1,"stt":6,"dien_tich_km2":3821.39,"dan_so":4412264,"mat_do_km2":1154.62,"lat":20.308246808376254,"lon":106.05150048283659,"GEOlayersRenamed":"Ninh Bình"}},
{"type":"Feature","geometry":{"type":"Polygon","coordinates":[[[104.8462,20.6508],[104.8536,20.6625],[104.8646,20.6601],[104.8793,20.663],[104.8866,20.6696],[104.9001,20.669],[104.9186,20.6592],[104.9278,20.6493],[104.946,20.6436],[104.9598,20.6289],[104.9568,20.6164],[104.9694,20.5954],[104.9618,20.5957],[104.9603,20.5793],[104.9849,20.571],[104.9894,20.5754],[105.0047,20.5727],[105.0255,20.5584],[105.0527,20.561],[105.0549,20.5701],[105.0791,20.5783],[105.0961,20.5664],[105.1061,20.573],[105.1106,20.5644],[105.1205,20.5623],[105.141,20.5438],[105.1526,20.5435],[105.1618,20.5356],[105.1631,20.5235],[105.1702,20.5153],[105.1845,20.5214],[105.1901,20.5174],[105.2114,20.5155],[105.2159,20.5092],[105.2316,20.5029],[105.2307,20.4971],[105.2447,20.488],[105.2396,20.4791],[105.2601,20.4668],[105.2672,20.4552],[105.2582,20.4343],[105.2938,20.4174],[105.3057,20.4166],[105.3235,20.4041],[105.3414,20.3972],[105.3453,20.3907],[105.3572,20.3922],[105.3849,20.3786],[105.4065,20.3727],[105.4213,20.3775],[105.4336,20.3859],[105.4604,20.3749],[105.4764,20.3754],[105.5019,20.3604],[105.5223,20.3599],[105.5322,20.3717],[105.5428,20.3615],[105.571,20.3595],[105.5816,20.3697],[105.6008,20.3628],[105.6217,20.345],[105.6272,20.3466],[105.6423,20.3389],[105.6492,20.328],[105.6758,20.3056],[105.6857,20.3051],[105.7035,20.3248],[105.723,20.3288],[105.7298,20.339],[105.7246,20.342],[105.7046,20.3755],[105.7064,20.3844],[105.6927,20.3917],[105.6983,20.3963],[105.6855,20.4106],[105.7053,20.412],[105.733,20.3987],[105.7298,20.3857],[105.7459,20.3822],[105.7466,20.3671],[105.7572,20.3672],[105.7601,20.3788],[105.7546,20.3881],[105.7525,20.4127],[105.7589,20.4146],[105.7517,20.4387],[105.7738,20.4405],[105.7827,20.4368],[105.7925,20.4543],[105.7986,20.4393],[105.8077,20.4291],[105.8301,20.419],[105.8248,20.4295],[105.8369,20.421],[105.8569,20.426],[105.8523,20.4476],[105.8524,20.4782],[105.8441,20.4779],[105.8246,20.4887],[105.8201,20.506],[105.8061,20.4995],[105.8011,20.5138],[105.7951,20.5117],[105.7866,20.5348],[105.7735,20.5497],[105.7687,20.5653],[105.763,20.5791],[105.7428,20.5991],[105.7268,20.6056],[105.7187,20.5971],[105.7037,20.603],[105.7009,20.6218],[105.6869,20.6159],[105.6665,20.6168],[105.6638,20.6282],[105.6784,20.6285],[105.6868,20.6379],[105.6679,20.6801],[105.6792,20.6841],[105.6818,20.6991],[105.6753,20.7032],[105.6608,20.7237],[105.6671,20.7351],[105.6577,20.741],[105.6513,20.7537],[105.6478,20.7763],[105.6482,20.7922],[105.6306,20.7939],[105.6347,20.8006],[105.6307,20.8158],[105.6421,20.8274],[105.6353,20.8362],[105.6178,20.8305],[105.61,20.838],[105.5963,20.8415],[105.5977,20.8335],[105.588,20.8313],[105.5832,20.8118],[105.575,20.8079],[105.552,20.8072],[105.5625,20.8229],[105.5754,20.8226],[105.5881,20.8454],[105.5854,20.8574],[105.5594,20.8808],[105.5527,20.8832],[105.5614,20.9006],[105.5555,20.9048],[105.5791,20.9151],[105.5845,20.9228],[105.58,20.9288],[105.5567,20.9268],[105.5459,20.9232],[105.5383,20.9278],[105.5253,20.9189],[105.5129,20.9222],[105.4923,20.934],[105.4783,20.9487],[105.4656,20.9462],[105.4443,20.9563],[105.4357,20.9744],[105.4221,20.9819],[105.416,20.9983],[105.4034,20.9979],[105.3938,21.0029],[105.3875,21.0244],[105.3727,21.0138],[105.3534,21.0072],[105.3478,21.0142],[105.3255,21.0097],[105.3313,21.023],[105.3164,21.0136],[105.2979,21.0332],[105.2935,21.0506],[105.3038,21.0757],[105.3178,21.0954],[105.3197,21.1136],[105.3072,21.1344],[105.286,21.1612],[105.2854,21.1719],[105.292,21.172],[105.3028,21.1907],[105.3254,21.2034],[105.3375,21.2011],[105.352,21.2396],[105.3524,21.2701],[105.357,21.2897],[105.3622,21.2849],[105.3927,21.3056],[105.4203,21.2954],[105.4352,21.2866],[105.4435,21.2699],[105.4464,21.2443],[105.4585,21.2258],[105.4677,21.178],[105.4866,21.1629],[105.4956,21.1594],[105.5283,21.1551],[105.5749,21.1613],[105.5751,21.1643],[105.6243,21.1737],[105.6291,21.1849],[105.6226,21.2004],[105.6162,21.2026],[105.6291,21.2109],[105.6393,21.2073],[105.6367,21.2179],[105.645,21.2155],[105.6581,21.2202],[105.6445,21.2342],[105.6672,21.2394],[105.6759,21.2271],[105.6806,21.2337],[105.6902,21.2199],[105.71,21.2197],[105.7247,21.2247],[105.7374,21.2357],[105.7282,21.2408],[105.7235,21.2518],[105.7252,21.2721],[105.7357,21.2793],[105.7431,21.2929],[105.7534,21.2955],[105.7762,21.3358],[105.7853,21.3429],[105.7847,21.3596],[105.7754,21.3611],[105.7731,21.3707],[105.7597,21.3785],[105.7659,21.3896],[105.763,21.4014],[105.7497,21.416],[105.7292,21.4093],[105.7222,21.4138],[105.7245,21.433],[105.7116,21.4311],[105.7034,21.4409],[105.6873,21.4424],[105.678,21.4562],[105.6663,21.4603],[105.6519,21.4575],[105.6418,21.4723],[105.6311,21.4791],[105.635,21.4931],[105.6179,21.4996],[105.6115,21.506],[105.6039,21.5291],[105.5834,21.5354],[105.5632,21.5587],[105.5583,21.5701],[105.5424,21.574],[105.5297,21.5566],[105.5223,21.5357],[105.511,21.5364],[105.5048,21.5274],[105.4937,21.5271],[105.4853,21.5175],[105.4736,21.5239],[105.4662,21.5166],[105.4582,21.5189],[105.4558,21.5112],[105.4396,21.5103],[105.4233,21.4976],[105.4127,21.5125],[105.3888,21.5127],[105.3867,21.5198],[105.3713,21.5252],[105.3531,21.518],[105.3435,21.519],[105.3388,21.5042],[105.3207,21.5126],[105.3015,21.5086],[105.295,21.521],[105.2974,21.5317],[105.2913,21.5395],[105.2681,21.5454],[105.2741,21.5576],[105.2485,21.5845],[105.2441,21.5978],[105.2515,21.6029],[105.2471,21.6159],[105.2346,21.6184],[105.2244,21.631],[105.2379,21.6448],[105.2354,21.6588],[105.2086,21.6608],[105.1819,21.6796],[105.1782,21.687],[105.157,21.6849],[105.1503,21.6997],[105.1341,21.6965],[105.1225,21.705],[105.11,21.7059],[105.1019,21.7175],[105.0865,21.7184],[105.0919,21.7124],[105.087,21.7019],[105.096,21.7004],[105.0981,21.6801],[105.0733,21.6805],[105.0611,21.6902],[105.0576,21.6854],[105.0446,21.69],[105.0308,21.7015],[105.0201,21.6968],[105.0199,21.6878],[105.0004,21.6884],[105,21.6798],[104.9799,21.6718],[104.9871,21.663],[104.9726,21.6564],[104.9725,21.6464],[104.9571,21.6606],[104.9381,21.6514],[104.9313,21.641],[104.9195,21.6396],[104.9031,21.625],[104.9058,21.6081],[104.893,21.6083],[104.8933,21.5896],[104.8991,21.5651],[104.8887,21.5582],[104.8735,21.5563],[104.8677,21.5498],[104.8708,21.5397],[104.8787,21.535],[104.8852,21.5218],[104.8821,21.5092],[104.8943,21.484],[104.8967,21.4703],[104.9115,21.4487],[104.9127,21.4351],[104.906,21.4266],[104.9079,21.4141],[104.8944,21.3932],[104.8823,21.3901],[104.8838,21.3731],[104.9009,21.352],[104.8979,21.3433],[104.8829,21.3418],[104.8718,21.3493],[104.8642,21.3648],[104.8535,21.3645],[104.8545,21.3519],[104.8448,21.3515],[104.8474,21.3434],[104.8324,21.3372],[104.8271,21.3402],[104.8139,21.3326],[104.817,21.3236],[104.8431,21.3106],[104.8405,21.2655],[104.8499,21.2582],[104.8525,21.2379],[104.8446,21.2274],[104.8652,21.2101],[104.8582,21.1868],[104.8509,21.1799],[104.8601,21.1734],[104.8531,21.1592],[104.8564,21.1475],[104.872,21.1442],[104.8806,21.1342],[104.8973,21.1298],[104.8964,21.1261],[104.912,21.1112],[104.8928,21.1073],[104.8764,21.0986],[104.8679,21.0756],[104.8527,21.0764],[104.8681,21.0295],[104.8801,21.0236],[104.8898,21.0096],[104.9006,20.9809],[104.9234,20.9633],[104.941,20.9315],[104.9596,20.9164],[104.9761,20.9074],[104.9799,20.891],[104.9915,20.8767],[104.9924,20.8672],[105.0009,20.8542],[104.9971,20.8462],[105.0067,20.8447],[105.003,20.8257],[104.9979,20.8177],[105.0126,20.8044],[105.0249,20.8035],[105.0325,20.7954],[105.0294,20.7806],[105.0329,20.7737],[105.0201,20.7793],[105.0081,20.7718],[105.0071,20.7639],[104.9938,20.7619],[104.9901,20.7541],[105.0135,20.7405],[105.0188,20.7259],[105.0137,20.7227],[104.9832,20.7214],[104.9691,20.7327],[104.9496,20.7413],[104.9475,20.7367],[104.9341,20.7487],[104.9241,20.7438],[104.9087,20.7493],[104.8825,20.7669],[104.8638,20.7691],[104.8593,20.7532],[104.837,20.7549],[104.8372,20.7342],[104.8458,20.7306],[104.8399,20.7212],[104.8476,20.703],[104.8356,20.6974],[104.8399,20.6907],[104.8368,20.6597],[104.8462,20.6508]]]},"properties":{"ma_tinh":"25","ten_tinh":"Phú Thọ","sap_nhap":"Vĩnh Phúc, Phú Thọ, Hòa Bình","quy_mo":"148 đơn vị (15 phường, 133 xã)","tru_so":"Đang cập nhật","loai":"Tỉnh","cap":1,"stt":12,"dien_tich_km2":9361.42,"dan_so":4022493,"mat_do_km2":429.69,"lat":20.827226499999995,"lon":105.3359715,"GEOlayersRenamed":"Phú Thọ"}},
{"type":"Feature","geometry":{"type":"MultiPolygon","coordinates":[[[[107.4578,13.9237],[107.4706,13.9374],[107.4687,13.952],[107.5049,13.9732],[107.5114,13.9836],[107.5264,13.9849],[107.5222,14.0085],[107.5306,14.0138],[107.5426,14.0124],[107.5498,14.025],[107.5571,14.0261],[107.5745,14.0193],[107.5958,14.0265],[107.6014,14.0459],[107.6124,14.0539],[107.6165,14.0641],[107.6258,14.0556],[107.6353,14.0548],[107.6488,14.0654],[107.6574,14.0839],[107.6482,14.0976],[107.6577,14.1034],[107.6617,14.1325],[107.6581,14.1652],[107.6689,14.1753],[107.6784,14.1902],[107.678,14.1999],[107.6889,14.2213],[107.7003,14.2155],[107.7217,14.2154],[107.7601,14.2018],[107.7629,14.2124],[107.7827,14.2247],[107.7991,14.2197],[107.808,14.2125],[107.8176,14.2137],[107.8287,14.2331],[107.8372,14.235],[107.8407,14.2555],[107.8385,14.266],[107.8528,14.2758],[107.8958,14.2732],[107.9049,14.2646],[107.9158,14.2617],[107.9321,14.2404],[107.9492,14.2426],[107.9613,14.2275],[107.9821,14.2448],[108.0018,14.2444],[108.0151,14.2407],[108.0167,14.2494],[108.0401,14.2774],[108.055,14.2664],[108.0666,14.2777],[108.0737,14.3066],[108.0882,14.3152],[108.0803,14.3339],[108.1004,14.3351],[108.1124,14.3459],[108.1086,14.3531],[108.1148,14.3632],[108.1542,14.3489],[108.1607,14.363],[108.17,14.3681],[108.1895,14.3686],[108.2032,14.3746],[108.2096,14.3874],[108.221,14.3916],[108.2325,14.3898],[108.2441,14.3979],[108.2518,14.3909],[108.2742,14.3864],[108.2965,14.3919],[108.2921,14.4043],[108.2985,14.4198],[108.3076,14.4233],[108.3231,14.4423],[108.3241,14.4542],[108.3434,14.4811],[108.3488,14.4929],[108.3634,14.4942],[108.3658,14.5008],[108.3814,14.5116],[108.3826,14.5271],[108.3695,14.5342],[108.3749,14.5467],[108.3592,14.5636],[108.3584,14.5811],[108.367,14.5843],[108.3755,14.6006],[108.3874,14.5984],[108.3971,14.6035],[108.4131,14.5845],[108.4127,14.5758],[108.4253,14.5609],[108.4413,14.555],[108.4827,14.5493],[108.4959,14.5427],[108.5116,14.5461],[108.5305,14.5603],[108.5316,14.5778],[108.5472,14.5894],[108.5601,14.586],[108.5729,14.5735],[108.5965,14.5625],[108.5961,14.5467],[108.6131,14.5324],[108.6173,14.5418],[108.6285,14.5451],[108.6326,14.5524],[108.6399,14.5494],[108.6445,14.5592],[108.6404,14.5648],[108.6772,14.5845],[108.68,14.5967],[108.6878,14.5918],[108.6982,14.597],[108.701,14.6134],[108.7089,14.605],[108.7379,14.5888],[108.7406,14.5947],[108.7571,14.5933],[108.7635,14.5998],[108.7617,14.6202],[108.7666,14.6277],[108.7638,14.6542],[108.7595,14.6671],[108.7717,14.678],[108.7805,14.6708],[108.8129,14.6704],[108.8286,14.6784],[108.8388,14.6944],[108.8515,14.6831],[108.8529,14.6913],[108.8634,14.6953],[108.8893,14.6823],[108.9068,14.6913],[108.9285,14.6987],[108.9397,14.6954],[108.9545,14.6811],[108.9593,14.6866],[108.978,14.6706],[108.9941,14.6743],[108.9976,14.67],[109.0171,14.6664],[109.027,14.6474],[109.0344,14.6483],[109.0458,14.6302],[109.0424,14.623],[109.0482,14.6039],[109.0596,14.592],[109.0819,14.5784],[109.0721,14.6026],[109.0657,14.6493],[109.0676,14.6637],[109.0817,14.6668],[109.0839,14.673],[109.0743,14.6947],[109.078,14.7019],[109.036,14.7652],[109.0052,14.8162],[108.9598,14.9105],[108.9421,14.953],[108.9281,14.9913],[108.9137,15.039],[108.9029,15.0842],[108.9044,15.0942],[108.8976,15.1288],[108.8979,15.1516],[108.8947,15.1744],[108.8984,15.1976],[108.9051,15.2039],[108.9223,15.2034],[108.915,15.2112],[108.9328,15.2133],[108.9415,15.2268],[108.9406,15.2424],[108.9272,15.2487],[108.9209,15.2444],[108.9005,15.2563],[108.8881,15.2709],[108.8695,15.3011],[108.8808,15.3191],[108.8823,15.3288],[108.8679,15.3319],[108.8636,15.3405],[108.8708,15.3518],[108.8599,15.3458],[108.8429,15.3561],[108.8276,15.3779],[108.8322,15.3915],[108.8221,15.4066],[108.8242,15.4195],[108.8137,15.412],[108.7957,15.4235],[108.7957,15.4155],[108.808,15.4075],[108.8027,15.3968],[108.7714,15.3887],[108.7557,15.3894],[108.7393,15.3986],[108.7189,15.3725],[108.6732,15.3648],[108.6551,15.3688],[108.6419,15.3679],[108.6282,15.3561],[108.6029,15.3526],[108.6027,15.3457],[108.5803,15.3453],[108.5591,15.3342],[108.5441,15.3346],[108.5267,15.3201],[108.508,15.3261],[108.4977,15.3221],[108.4859,15.3084],[108.4506,15.31],[108.4374,15.3134],[108.4341,15.3259],[108.4157,15.3065],[108.4066,15.3107],[108.4033,15.3008],[108.3924,15.2985],[108.3784,15.3033],[108.3643,15.2944],[108.322,15.3019],[108.3144,15.2984],[108.2994,15.2789],[108.3062,15.268],[108.3031,15.2587],[108.2917,15.2476],[108.281,15.2437],[108.2893,15.2342],[108.286,15.2267],[108.3054,15.2272],[108.3045,15.2098],[108.2913,15.1979],[108.3024,15.1926],[108.2997,15.1819],[108.3059,15.1745],[108.295,15.1685],[108.2837,15.1492],[108.2764,15.1422],[108.275,15.1308],[108.2632,15.1241],[108.2571,15.1151],[108.2574,15.0908],[108.2511,15.0843],[108.235,15.0783],[108.242,15.0649],[108.2383,15.0469],[108.2394,15.0323],[108.2244,15.0294],[108.2095,15.0338],[108.1998,15.0439],[108.1771,15.0602],[108.1595,15.0598],[108.1463,15.0457],[108.153,15.0277],[108.1491,15.0226],[108.1504,15.0025],[108.158,14.991],[108.1629,14.9753],[108.149,14.9614],[108.1178,14.9593],[108.1063,14.9513],[108.0923,14.9524],[108.0813,14.9663],[108.0604,14.9721],[108.0475,14.9923],[108.0036,15.0023],[107.991,14.9991],[107.9702,15.0149],[107.9568,15.0371],[107.9597,15.0429],[107.9502,15.0522],[107.9607,15.0633],[107.9762,15.0693],[107.9781,15.0822],[107.9887,15.0956],[107.993,15.1104],[108.0024,15.1222],[107.9984,15.1283],[108.0042,15.1405],[107.9999,15.1561],[107.9861,15.1595],[107.9821,15.1662],[107.9504,15.1751],[107.9471,15.1877],[107.9371,15.1906],[107.9281,15.2098],[107.9144,15.2119],[107.8995,15.2049],[107.8928,15.1949],[107.8801,15.1971],[107.8731,15.2098],[107.8549,15.2103],[107.8475,15.2068],[107.83,15.2085],[107.8181,15.2161],[107.809,15.2118],[107.7807,15.2191],[107.7683,15.2333],[107.7557,15.2367],[107.7466,15.2297],[107.7337,15.2317],[107.7352,15.2416],[107.7303,15.2705],[107.7279,15.3032],[107.7304,15.308],[107.7079,15.303],[107.6929,15.3175],[107.6916,15.3248],[107.6791,15.3345],[107.6768,15.344],[107.6689,15.3455],[107.6628,15.3547],[107.6595,15.373],[107.6602,15.3884],[107.6384,15.4151],[107.624,15.4145],[107.6149,15.4035],[107.6139,15.3936],[107.5969,15.3837],[107.6093,15.3672],[107.6053,15.3505],[107.6108,15.3341],[107.627,15.3322],[107.635,15.3193],[107.6247,15.3113],[107.6155,15.2874],[107.6161,15.2708],[107.6207,15.2628],[107.6196,15.2458],[107.6276,15.2307],[107.6189,15.2207],[107.6219,15.2143],[107.6022,15.2043],[107.5847,15.1995],[107.6008,15.1863],[107.6109,15.171],[107.6166,15.1547],[107.6269,15.149],[107.6182,15.1325],[107.608,15.1329],[107.6229,15.1095],[107.598,15.0889],[107.6032,15.0777],[107.6214,15.051],[107.6053,15.0457],[107.5945,15.0515],[107.5882,15.0297],[107.5773,15.0291],[107.5564,15.0426],[107.5403,15.0496],[107.5302,15.0405],[107.5191,15.0383],[107.5157,15.0304],[107.4959,15.0199],[107.4928,15.0244],[107.4726,15.0196],[107.4676,15.0076],[107.4769,14.9876],[107.4682,14.9873],[107.473,14.9761],[107.482,14.9703],[107.4783,14.9581],[107.49,14.9435],[107.4995,14.9428],[107.5051,14.9288],[107.5299,14.9282],[107.5307,14.919],[107.5389,14.9089],[107.5538,14.9011],[107.5613,14.9028],[107.5736,14.8911],[107.5856,14.8912],[107.5901,14.8648],[107.579,14.8546],[107.5698,14.8524],[107.5621,14.8395],[107.5409,14.8269],[107.5407,14.8207],[107.5222,14.8135],[107.5237,14.805],[107.5162,14.8022],[107.5055,14.7855],[107.515,14.7857],[107.5171,14.7787],[107.5306,14.7716],[107.5421,14.7505],[107.5379,14.7411],[107.5214,14.7276],[107.5238,14.7222],[107.5354,14.725],[107.556,14.7214],[107.56,14.6943],[107.5499,14.6793],[107.5546,14.6673],[107.5481,14.6587],[107.5517,14.65],[107.5376,14.6344],[107.538,14.6219],[107.545,14.6109],[107.5332,14.5991],[107.5255,14.5989],[107.5163,14.5853],[107.5215,14.5812],[107.5254,14.5631],[107.5318,14.5562],[107.5237,14.5235],[107.5154,14.5122],[107.5067,14.5088],[107.5124,14.4977],[107.5048,14.4865],[107.4996,14.4642],[107.5041,14.4585],[107.4962,14.4383],[107.4897,14.4298],[107.4887,14.4068],[107.4592,14.4072],[107.4573,14.42],[107.4484,14.4261],[107.4258,14.4099],[107.4239,14.4006],[107.4334,14.381],[107.4103,14.3604],[107.4087,14.3476],[107.4005,14.3339],[107.389,14.3263],[107.3907,14.3164],[107.4067,14.299],[107.4096,14.2755],[107.4082,14.2613],[107.3996,14.2501],[107.4062,14.2339],[107.3978,14.2268],[107.3926,14.2094],[107.3891,14.2105],[107.3749,14.1787],[107.3685,14.1805],[107.358,14.1697],[107.3621,14.1639],[107.3404,14.133],[107.3322,14.1045],[107.3408,14.0957],[107.3826,14.0787],[107.3814,14.0669],[107.3649,14.0635],[107.3659,14.0358],[107.3566,14.0272],[107.3569,14.0178],[107.3655,14.013],[107.3847,13.989],[107.3957,13.993],[107.4034,13.9888],[107.4099,13.9938],[107.4287,13.9978],[107.4311,13.9934],[107.4428,13.9979],[107.4455,13.988],[107.4558,13.9796],[107.4537,13.9293],[107.4578,13.9237]]],[[[109.1159,15.3924],[109.0959,15.3892],[109.0971,15.3748],[109.1194,15.3691],[109.1343,15.3774],[109.1475,15.38],[109.1426,15.3882],[109.1159,15.3924]]]]},"properties":{"ma_tinh":"51","ten_tinh":"Quảng Ngãi","sap_nhap":"Quảng Ngãi, Kon Tum","quy_mo":"96 đơn vị (9 phường, 86 xã và 1 đặc khu Lý Sơn)","tru_so":"Số 52 Hùng Vương, Nguyễn Nghiêm, Quảng Ngãi","loai":"Tỉnh","cap":1,"stt":22,"dien_tich_km2":14832.53,"dan_so":2161735,"mat_do_km2":145.74,"lat":14.674318,"lon":108.082876,"GEOlayersRenamed":"Quảng Ngãi"}},
{"type":"Feature","geometry":{"type":"MultiPolygon","coordinates":[[[[106.8703,20.8323],[106.8667,20.8521],[106.8523,20.867],[106.8662,20.8753],[106.8724,20.8923],[106.8866,20.9054],[106.9002,20.9008],[106.9197,20.9117],[106.9499,20.9077],[106.9483,20.9155],[106.9354,20.9274],[106.9403,20.9319],[106.9544,20.924],[106.9579,20.9483],[106.9784,20.9499],[106.9885,20.9577],[106.9909,20.9525],[107.0075,20.9541],[107.0358,20.9409],[107.0553,20.9488],[107.0784,20.945],[107.0844,20.9495],[107.0986,20.9469],[107.1117,20.9385],[107.1367,20.9382],[107.1451,20.9318],[107.1623,20.9283],[107.165,20.9392],[107.1938,20.9352],[107.1914,20.9452],[107.201,20.9547],[107.2024,20.9636],[107.2219,20.9742],[107.2313,20.987],[107.2454,20.9824],[107.2426,20.992],[107.25,20.997],[107.2939,20.9969],[107.3213,20.9912],[107.3368,20.9923],[107.3564,21.0012],[107.3685,21.0148],[107.3724,21.0266],[107.3688,21.0366],[107.3711,21.059],[107.3666,21.0723],[107.3809,21.0551],[107.3807,21.0392],[107.3933,21.0394],[107.4175,21.059],[107.4272,21.0601],[107.4258,21.0697],[107.441,21.0724],[107.4606,21.0888],[107.4839,21.1043],[107.4864,21.1101],[107.5311,21.1381],[107.5569,21.1571],[107.5913,21.1901],[107.603,21.2052],[107.6082,21.2202],[107.5948,21.2192],[107.5796,21.207],[107.5441,21.1984],[107.5363,21.2011],[107.5248,21.2242],[107.483,21.2606],[107.4732,21.2711],[107.4544,21.2745],[107.4498,21.2328],[107.4603,21.2173],[107.4551,21.2057],[107.4718,21.1952],[107.4746,21.1849],[107.4422,21.1855],[107.4486,21.1727],[107.4452,21.1648],[107.4332,21.1738],[107.4233,21.1738],[107.4183,21.1651],[107.4248,21.1565],[107.4302,21.1605],[107.4356,21.1483],[107.422,21.1431],[107.413,21.1251],[107.3919,21.0985],[107.3754,21.0915],[107.391,21.1155],[107.4156,21.1369],[107.4112,21.1515],[107.4122,21.1828],[107.392,21.1847],[107.4098,21.1971],[107.4454,21.2344],[107.4444,21.2567],[107.4283,21.2567],[107.4208,21.2681],[107.4282,21.2776],[107.4194,21.2829],[107.426,21.2886],[107.4331,21.2847],[107.4534,21.2845],[107.4508,21.3001],[107.4652,21.2965],[107.469,21.3061],[107.488,21.2882],[107.4918,21.2905],[107.4828,21.303],[107.4994,21.2924],[107.5474,21.2906],[107.5423,21.3043],[107.532,21.3098],[107.5261,21.3204],[107.5335,21.3235],[107.5361,21.3104],[107.5438,21.3094],[107.5436,21.3186],[107.5343,21.3316],[107.5453,21.3246],[107.5469,21.3156],[107.5648,21.2872],[107.57,21.2933],[107.5828,21.2866],[107.5876,21.3009],[107.5948,21.2915],[107.6064,21.2923],[107.6087,21.3],[107.5978,21.3068],[107.6014,21.3167],[107.6129,21.3004],[107.62,21.3061],[107.6231,21.3189],[107.6144,21.329],[107.6279,21.3225],[107.6327,21.3334],[107.6464,21.3458],[107.648,21.366],[107.6393,21.3784],[107.6634,21.3675],[107.6755,21.3795],[107.6685,21.3958],[107.6757,21.408],[107.6796,21.3926],[107.6871,21.389],[107.6955,21.4051],[107.6972,21.3957],[107.7076,21.3871],[107.7155,21.3895],[107.7165,21.4106],[107.7344,21.3969],[107.7549,21.4046],[107.7628,21.4231],[107.7627,21.4432],[107.7811,21.4475],[107.7916,21.4688],[107.7985,21.4742],[107.7985,21.4889],[107.7788,21.4996],[107.7744,21.5129],[107.7883,21.5057],[107.7876,21.5143],[107.8029,21.505],[107.8168,21.5103],[107.822,21.521],[107.826,21.515],[107.8369,21.5275],[107.8291,21.5043],[107.8367,21.4981],[107.8364,21.4971],[107.8406,21.4919],[107.8462,21.4911],[107.848,21.4943],[107.8486,21.5127],[107.853,21.5201],[107.8627,21.4952],[107.8717,21.4922],[107.8797,21.5055],[107.8918,21.5087],[107.8959,21.5291],[107.8972,21.5176],[107.907,21.5092],[107.9109,21.5194],[107.9146,21.5025],[107.9081,21.4926],[107.9223,21.4873],[107.9342,21.5003],[107.9368,21.4915],[107.9178,21.4714],[107.922,21.4634],[107.9257,21.4653],[107.9373,21.4611],[107.9387,21.4521],[107.9502,21.4445],[107.9578,21.4604],[107.9548,21.4711],[107.9726,21.4816],[107.978,21.4654],[107.9879,21.4761],[107.9862,21.4648],[107.9689,21.4492],[107.9663,21.4344],[107.9776,21.4366],[107.9969,21.4615],[108.0197,21.4757],[108.0521,21.4843],[108.0869,21.4836],[108.0648,21.4957],[108.0469,21.495],[108.0286,21.4864],[108.0182,21.4883],[108.0138,21.4954],[108.0252,21.5054],[108.0095,21.522],[108.0269,21.5162],[108.0376,21.5222],[108.0374,21.5315],[108.0476,21.5376],[108.0349,21.5471],[108.004,21.5485],[107.979,21.5448],[107.9662,21.536],[107.9529,21.5385],[107.9422,21.5655],[107.9225,21.5893],[107.9159,21.586],[107.8903,21.6],[107.8918,21.6067],[107.8828,21.6109],[107.891,21.616],[107.8885,21.6252],[107.878,21.6318],[107.8778,21.6403],[107.8571,21.6552],[107.8455,21.649],[107.8424,21.6413],[107.833,21.6443],[107.8278,21.6529],[107.8149,21.6586],[107.7965,21.6538],[107.7877,21.6564],[107.7804,21.6488],[107.7647,21.6431],[107.7428,21.6397],[107.7223,21.6292],[107.7168,21.6221],[107.6757,21.609],[107.6642,21.6132],[107.652,21.6071],[107.6121,21.6081],[107.5939,21.6048],[107.5775,21.6183],[107.5602,21.6131],[107.5432,21.5895],[107.5296,21.5905],[107.5048,21.5975],[107.4832,21.599],[107.4934,21.6045],[107.4978,21.6144],[107.4839,21.6309],[107.4858,21.6433],[107.4742,21.6622],[107.4602,21.6632],[107.4326,21.6505],[107.4176,21.6407],[107.4175,21.633],[107.4082,21.6226],[107.3947,21.616],[107.3981,21.61],[107.383,21.5959],[107.3619,21.6007],[107.3586,21.595],[107.3478,21.596],[107.341,21.5885],[107.3289,21.5885],[107.3225,21.5943],[107.3136,21.5903],[107.3095,21.596],[107.2932,21.5918],[107.2841,21.5773],[107.2825,21.567],[107.273,21.5622],[107.2602,21.5645],[107.2486,21.5578],[107.2466,21.5486],[107.2326,21.5545],[107.2167,21.5521],[107.2046,21.5408],[107.2165,21.5316],[107.2229,21.5194],[107.2311,21.5215],[107.2387,21.5058],[107.2397,21.4911],[107.2461,21.484],[107.2399,21.4734],[107.2385,21.4591],[107.2453,21.4396],[107.2417,21.4345],[107.2576,21.417],[107.2576,21.4046],[107.2649,21.4003],[107.2524,21.3664],[107.2404,21.364],[107.2355,21.3735],[107.2166,21.389],[107.2038,21.3787],[107.1933,21.379],[107.1707,21.3635],[107.1583,21.3685],[107.1469,21.3643],[107.1433,21.3695],[107.1268,21.3692],[107.1115,21.3761],[107.0971,21.374],[107.0955,21.36],[107.0774,21.3459],[107.0626,21.3476],[107.0522,21.3302],[107.0318,21.3253],[107.0333,21.315],[107.02,21.299],[107.0038,21.2933],[106.9841,21.2924],[106.9723,21.2839],[106.9756,21.2708],[106.986,21.2568],[106.9773,21.2396],[106.9784,21.2263],[106.9689,21.2252],[106.9562,21.2064],[106.9562,21.1919],[106.9479,21.1876],[106.9428,21.1736],[106.9327,21.1691],[106.9164,21.1845],[106.8925,21.1791],[106.8824,21.1834],[106.874,21.1741],[106.8614,21.1763],[106.8573,21.1877],[106.8274,21.1879],[106.8261,21.1649],[106.8335,21.1529],[106.8193,21.1566],[106.7944,21.1491],[106.7692,21.1526],[106.7672,21.156],[106.7428,21.1573],[106.7335,21.1615],[106.7148,21.1608],[106.6972,21.1701],[106.6819,21.1665],[106.648,21.176],[106.641,21.1727],[106.609,21.1723],[106.6061,21.1795],[106.5888,21.1783],[106.5874,21.189],[106.5792,21.1925],[106.5646,21.1889],[106.5553,21.1947],[106.5422,21.1925],[106.53,21.2222],[106.5019,21.224],[106.498,21.2112],[106.5014,21.2023],[106.4941,21.1988],[106.4966,21.1848],[106.4895,21.1803],[106.4889,21.1669],[106.4786,21.1451],[106.4837,21.1452],[106.4844,21.1308],[106.4728,21.1191],[106.4625,21.1159],[106.4412,21.1175],[106.4389,21.107],[106.4504,21.0959],[106.4407,21.0801],[106.4489,21.0695],[106.4592,21.0651],[106.4746,21.0695],[106.4913,21.0657],[106.4996,21.0573],[106.5176,21.0597],[106.515,21.0468],[106.5329,21.0476],[106.5431,21.0541],[106.5761,21.057],[106.6091,21.0299],[106.6112,21.0206],[106.623,21.0127],[106.6379,21.0122],[106.653,21.0192],[106.6861,21.0054],[106.7256,20.9968],[106.7404,20.998],[106.7589,20.9891],[106.7675,20.9769],[106.7703,20.953],[106.7709,20.9167],[106.7664,20.9037],[106.7543,20.8876],[106.7566,20.8655],[106.7662,20.8484],[106.7939,20.8318],[106.8246,20.8299],[106.8359,20.8144],[106.8494,20.8221],[106.849,20.8282],[106.8615,20.837],[106.8703,20.8323]],[[107.0461,20.9946],[107.055,20.9929],[107.0752,20.9984],[107.088,20.9918],[107.0675,20.9595],[107.0538,20.9676],[107.0574,20.971],[107.0413,20.9823],[107.0461,20.9946]]],[[[107.5555,21.037],[107.5368,21.0089],[107.5334,21.0213],[107.5372,21.0415],[107.5195,21.0236],[107.5058,20.9994],[107.5107,21.0173],[107.4914,20.9942],[107.4872,20.9815],[107.4778,20.9857],[107.4826,20.974],[107.4919,20.9799],[107.4858,20.963],[107.4734,20.9446],[107.4461,20.9301],[107.4352,20.9175],[107.4213,20.9156],[107.4057,20.9028],[107.3944,20.9012],[107.3952,20.8906],[107.4065,20.8935],[107.4094,20.9002],[107.4334,20.9103],[107.4585,20.9168],[107.463,20.9127],[107.4502,20.9065],[107.4621,20.9058],[107.4833,20.9162],[107.4902,20.9137],[107.5152,20.9209],[107.5227,20.9307],[107.5407,20.9828],[107.5517,20.9861],[107.5435,21.0051],[107.545,21.0192],[107.5522,21.0245],[107.5555,21.037]]],[[[107.9997,21.3916],[108.0055,21.3968],[107.9727,21.3978],[107.9345,21.3902],[107.9057,21.3814],[107.8861,21.3836],[107.8721,21.3818],[107.8399,21.3728],[107.8278,21.3648],[107.8416,21.3661],[107.8494,21.3719],[107.8592,21.3683],[107.8854,21.3751],[107.8815,21.3678],[107.856,21.35],[107.842,21.3445],[107.8484,21.3401],[107.8796,21.3567],[107.9039,21.3601],[107.91,21.357],[107.9231,21.3624],[107.9433,21.3555],[107.9515,21.3589],[107.9673,21.3778],[107.9913,21.391],[107.9997,21.3916]]],[[[107.5599,20.9654],[107.557,20.969],[107.5365,20.9438],[107.5305,20.926],[107.5193,20.9149],[107.4799,20.8996],[107.5028,20.8938],[107.514,20.9041],[107.5119,20.8896],[107.4943,20.8865],[107.4792,20.8889],[107.4757,20.8805],[107.489,20.8748],[107.4841,20.8513],[107.4708,20.8235],[107.4715,20.8142],[107.4798,20.8187],[107.4921,20.8448],[107.4927,20.8585],[107.5051,20.8756],[107.5184,20.8832],[107.5211,20.8969],[107.5439,20.922],[107.5609,20.9343],[107.5521,20.9457],[107.5599,20.9654]]],[[[107.619,21.0963],[107.6316,21.1246],[107.6206,21.1146],[107.6159,21.1036],[107.59,21.076],[107.5837,21.0396],[107.5921,21.0418],[107.59,21.0324],[107.578,21.0289],[107.5735,21.0208],[107.5671,20.9939],[107.5758,20.9918],[107.5633,20.98],[107.5627,20.9706],[107.577,20.9796],[107.5871,21.0114],[107.5883,21.0228],[107.5972,21.0304],[107.5993,21.0486],[107.608,21.0601],[107.619,21.0963]]],[[[107.5805,21.1193],[107.5631,21.1115],[107.5501,21.1149],[107.5396,21.0887],[107.5332,21.0896],[107.5253,21.079],[107.5359,21.0729],[107.5382,21.0652],[107.5588,21.0728],[107.567,21.0822],[107.5816,21.1088],[107.5805,21.1193]]],[[[107.7483,21.022],[107.7408,21.0197],[107.7318,21.0037],[107.7385,20.999],[107.7347,20.992],[107.7592,20.9785],[107.7608,20.9648],[107.7489,20.9586],[107.7588,20.9554],[107.7803,20.9717],[107.7696,20.9883],[107.761,20.9822],[107.7681,20.9984],[107.7756,20.9896],[107.7873,20.989],[107.7751,20.9957],[107.7603,21.0143],[107.7532,21.0132],[107.7483,21.022]]],[[[107.8624,21.0276],[107.8612,21.0389],[107.854,21.0452],[107.8485,21.0394],[107.8392,21.0434],[107.8312,21.0305],[107.8226,21.029],[107.8168,21.0121],[107.8064,21.0051],[107.8051,20.9915],[107.8172,20.9827],[107.818,20.9895],[107.8413,21.0164],[107.8624,21.0276]]],[[[107.8161,21.3566],[107.7944,21.3507],[107.7655,21.3327],[107.7456,21.3258],[107.7211,21.31],[107.704,21.3022],[107.7163,21.3034],[107.7289,21.3118],[107.7317,21.3027],[107.7469,21.3069],[107.7503,21.3122],[107.7726,21.324],[107.7966,21.3321],[107.8064,21.3451],[107.8228,21.3517],[107.8161,21.3566]]],[[[107.3379,20.893],[107.3315,20.8957],[107.3298,20.8759],[107.3373,20.872],[107.3397,20.8879],[107.3495,20.8619],[107.3722,20.8589],[107.3898,20.8685],[107.3749,20.8776],[107.3949,20.8762],[107.3764,20.8915],[107.3604,20.8876],[107.3538,20.8913],[107.3479,20.8842],[107.3379,20.893]]],[[[107.4543,20.9661],[107.4497,20.9693],[107.4227,20.9447],[107.4131,20.925],[107.3948,20.9162],[107.3854,20.916],[107.3521,20.9056],[107.3654,20.9018],[107.4196,20.9198],[107.4222,20.9249],[107.4475,20.9448],[107.4543,20.9661]]],[[[107.3522,20.8261],[107.3399,20.8516],[107.3349,20.8543],[107.3439,20.8041],[107.3493,20.8077],[107.3677,20.8061],[107.3794,20.7939],[107.3817,20.7998],[107.3785,20.8237],[107.3694,20.8243],[107.3519,20.8367],[107.3522,20.8261]]],[[[107.3825,20.9564],[107.3713,20.956],[107.3673,20.9478],[107.3426,20.9354],[107.338,20.9441],[107.311,20.9404],[107.3116,20.9345],[107.3369,20.9262],[107.3528,20.9258],[107.3654,20.9317],[107.3843,20.9507],[107.3825,20.9564]]],[[[106.9709,20.9366],[106.9621,20.9433],[106.9606,20.9258],[106.9727,20.916],[106.9937,20.9168],[106.9972,20.9378],[106.9819,20.9426],[106.9709,20.9366]]],[[[107.5725,21.2753],[107.5686,21.2774],[107.5389,21.2675],[107.5355,21.2619],[107.5601,21.2539],[107.5755,21.2625],[107.589,21.262],[107.5725,21.2753]]],[[[107.6819,21.2143],[107.6702,21.2083],[107.6591,21.1786],[107.6548,21.1524],[107.6561,21.1386],[107.664,21.1436],[107.6637,21.1612],[107.6718,21.1835],[107.675,21.2046],[107.6819,21.2143]]],[[[107.4145,20.7725],[107.4225,20.7978],[107.4071,20.8096],[107.3997,20.8012],[107.4012,20.7774],[107.4145,20.7725]]],[[[106.8921,20.8423],[106.8999,20.8458],[106.8941,20.8704],[106.8905,20.8745],[106.8761,20.8551],[106.8792,20.8457],[106.8921,20.8423]]],[[[107.4778,20.9762],[107.4704,20.9751],[107.4581,20.9551],[107.458,20.9488],[107.4431,20.9329],[107.4494,20.9335],[107.472,20.9535],[107.4791,20.9661],[107.4778,20.9762]]],[[[107.9272,21.4641],[107.9161,21.4591],[107.9154,21.4482],[107.9347,21.4375],[107.9448,21.441],[107.9272,21.4641]]],[[[107.1258,20.8071],[107.116,20.7904],[107.1246,20.7718],[107.136,20.7834],[107.136,20.7982],[107.1256,20.7962],[107.1258,20.8071]]],[[[107.9756,21.2474],[107.9571,21.2448],[107.9476,21.2386],[107.9569,21.2303],[107.9777,21.2298],[107.9756,21.2474]]],[[[107.5279,21.072],[107.5188,21.0565],[107.4976,21.0463],[107.5019,21.0413],[107.5171,21.0459],[107.5375,21.0634],[107.5279,21.072]]],[[[107.4456,20.9004],[107.4446,20.9056],[107.424,20.8965],[107.4287,20.884],[107.4493,20.8942],[107.4456,20.9004]]],[[[107.5366,21.2829],[107.5229,21.2792],[107.5293,21.2647],[107.559,21.2799],[107.5366,21.2829]]],[[[107.6406,21.2609],[107.615,21.2518],[107.615,21.2481],[107.5933,21.2403],[107.5926,21.2362],[107.614,21.2371],[107.6416,21.2552],[107.6219,21.2481],[107.6406,21.2609]]],[[[107.5797,21.1319],[107.5665,21.138],[107.5561,21.1279],[107.5644,21.1183],[107.5797,21.1319]]],[[[107.8227,21.5052],[107.8188,21.5114],[107.808,21.5014],[107.8105,21.4888],[107.8191,21.4844],[107.8227,21.5052]]],[[[107.2996,20.9024],[107.2918,20.9077],[107.2997,20.892],[107.3212,20.8719],[107.3241,20.8762],[107.2996,20.9024]]],[[[107.1426,20.765],[107.1291,20.7521],[107.1294,20.7435],[107.1435,20.7507],[107.1426,20.765]]],[[[107.6989,21.2975],[107.7007,21.3006],[107.6743,21.2911],[107.6716,21.2764],[107.6976,21.293],[107.6989,21.2975]]],[[[107.9343,21.425],[107.9323,21.4316],[107.9296,21.4295],[107.9299,21.4262],[107.9285,21.4253],[107.9239,21.4258],[107.9223,21.4251],[107.9216,21.4215],[107.9227,21.4172],[107.9349,21.4144],[107.9434,21.4247],[107.9343,21.425]]],[[[107.3141,20.913],[107.3063,20.9079],[107.3158,20.8854],[107.3224,20.8824],[107.3141,20.913]]],[[[107.322,20.9275],[107.3105,20.9231],[107.3401,20.9139],[107.3498,20.9148],[107.3441,20.9214],[107.322,20.9275]]],[[[107.1937,20.8858],[107.1866,20.8808],[107.2001,20.871],[107.2136,20.8724],[107.1937,20.8858]]],[[[107.7902,21.2973],[107.767,21.2962],[107.754,21.2914],[107.7549,21.2829],[107.776,21.2943],[107.7902,21.2973]]],[[[107.458,20.7272],[107.4465,20.7183],[107.459,20.7191],[107.4699,20.7306],[107.472,20.7406],[107.458,20.7272]]],[[[107.8396,21.4927],[107.8345,21.4908],[107.8343,21.4772],[107.8459,21.4905],[107.8401,21.4918],[107.8396,21.4927]]],[[[107.9186,21.4402],[107.914,21.4404],[107.9102,21.4243],[107.9144,21.4277],[107.9291,21.4339],[107.9186,21.4402]]],[[[107.7723,21.0343],[107.7805,21.0382],[107.7789,21.0496],[107.7641,21.0433],[107.7626,21.0328],[107.7723,21.0343]]],[[[106.9953,20.888],[106.9908,20.8908],[106.9806,20.8859],[106.9808,20.871],[106.9968,20.8696],[106.9883,20.8761],[106.9893,20.8878],[106.9953,20.888]]],[[[107.4793,20.7688],[107.4725,20.762],[107.4805,20.7571],[107.4882,20.7715],[107.4793,20.7688]]],[[[107.281,20.853],[107.281,20.8459],[107.2697,20.844],[107.2768,20.8368],[107.2878,20.8382],[107.281,20.853]]],[[[107.7553,21.3725],[107.7428,21.3692],[107.744,21.3627],[107.7561,21.362],[107.7553,21.3725]]],[[[107.1009,20.8577],[107.0881,20.8513],[107.0835,20.8418],[107.0918,20.8356],[107.0924,20.8441],[107.1009,20.8577]]],[[[107.2157,20.9649],[107.2106,20.9653],[107.2053,20.9494],[107.22,20.9606],[107.2157,20.9649]]],[[[107.3707,21.0477],[107.3737,21.0349],[107.3771,21.0523],[107.3707,21.0477]]],[[[107.1002,20.8456],[107.096,20.8331],[107.109,20.8264],[107.105,20.843],[107.1002,20.8456]]],[[[107.6661,21.2833],[107.6523,21.278],[107.6515,21.2695],[107.6665,21.2778],[107.6661,21.2833]]],[[[107.5574,21.0696],[107.5483,21.0594],[107.5559,21.0498],[107.5574,21.0696]]],[[[107.1689,20.8428],[107.1638,20.8276],[107.17,20.832],[107.1689,20.8428]]],[[[107.3988,20.7538],[107.395,20.7587],[107.3864,20.7458],[107.3988,20.7538]]],[[[107.5116,21.0747],[107.4969,21.0716],[107.5033,21.0672],[107.5154,21.0699],[107.5116,21.0747]]],[[[107.3084,20.9695],[107.3009,20.9655],[107.3132,20.9572],[107.3084,20.9695]]],[[[108.0343,21.5026],[108.0276,21.5091],[108.0252,21.4999],[108.0343,21.5026]]],[[[107.9262,21.4292],[107.9157,21.4275],[107.9205,21.4219],[107.9221,21.4252],[107.9233,21.4259],[107.9287,21.4254],[107.929,21.4294],[107.9262,21.4292]]],[[[107.3445,20.8979],[107.3476,20.8874],[107.3527,20.8918],[107.3445,20.8979]]],[[[107.8207,21.1114],[107.8162,21.1163],[107.8079,21.1042],[107.8207,21.1114]]],[[[107.6939,21.3971],[107.6876,21.388],[107.6953,21.3887],[107.6939,21.3971]]],[[[107.046,20.8742],[107.0381,20.8687],[107.0451,20.8653],[107.046,20.8742]]],[[[107.2856,20.9893],[107.2876,20.982],[107.2975,20.9883],[107.2856,20.9893]]]]},"properties":{"ma_tinh":"22","ten_tinh":"Quảng Ninh","sap_nhap":"không sáp nhập","quy_mo":"54 đơn vị (30 phường, 22 xã và 2 đặc khu: Vân Đồn và Cô Tô)","tru_so":"Số 219 Nguyễn Văn Cừ, Hạ Long, Quảng Ninh","loai":"Tỉnh","cap":1,"stt":3,"dien_tich_km2":6154.84,"dan_so":1497447,"mat_do_km2":243.3,"lat":21.239098499999997,"lon":107.263913,"GEOlayersRenamed":"Quảng Ninh"}},
{"type":"Feature","geometry":{"type":"MultiPolygon","coordinates":[[[[107.0812,16.3124],[107.0817,16.3204],[107.063,16.3324],[107.062,16.3475],[107.0409,16.3503],[107.0346,16.3572],[107.045,16.3798],[107.0582,16.3845],[107.0563,16.4004],[107.0614,16.4117],[107.072,16.4028],[107.0936,16.404],[107.1099,16.3862],[107.1294,16.3841],[107.14,16.3896],[107.153,16.3894],[107.141,16.4061],[107.1407,16.4152],[107.1487,16.4344],[107.1296,16.4493],[107.1356,16.459],[107.1299,16.4753],[107.1197,16.4879],[107.106,16.4952],[107.0986,16.4911],[107.0952,16.5044],[107.0819,16.5031],[107.0796,16.5089],[107.0677,16.5105],[107.0555,16.5242],[107.0624,16.5369],[107.0615,16.5459],[107.0745,16.5424],[107.1018,16.5527],[107.1216,16.552],[107.1282,16.5657],[107.1694,16.5787],[107.1786,16.5765],[107.2026,16.5827],[107.2063,16.5788],[107.2285,16.5795],[107.2448,16.5875],[107.2554,16.5738],[107.2711,16.5659],[107.2913,16.5808],[107.3031,16.5839],[107.3125,16.5794],[107.3266,16.5863],[107.3242,16.5982],[107.334,16.5996],[107.3193,16.6212],[107.3104,16.625],[107.3155,16.6373],[107.3069,16.6407],[107.3229,16.6537],[107.3182,16.662],[107.3336,16.6755],[107.3368,16.6841],[107.3501,16.6968],[107.3581,16.6986],[107.3558,16.7098],[107.3693,16.7332],[107.3883,16.742],[107.3886,16.7423],[107.3895,16.7429],[107.3635,16.7608],[107.2962,16.813],[107.2285,16.8719],[107.2084,16.893],[107.1999,16.9062],[107.1724,16.9283],[107.1457,16.9598],[107.1283,16.9841],[107.1118,17.0174],[107.1107,17.0411],[107.1161,17.0445],[107.1122,17.0714],[107.1175,17.0844],[107.0951,17.1004],[107.0593,17.1188],[107.0132,17.1491],[106.9634,17.1851],[106.8187,17.2939],[106.7847,17.322],[106.7457,17.3567],[106.6998,17.4021],[106.649,17.4591],[106.6282,17.4927],[106.5897,17.5441],[106.5652,17.5837],[106.5449,17.6224],[106.5328,17.6329],[106.5139,17.6614],[106.4992,17.6889],[106.4958,17.7021],[106.4901,17.7028],[106.4865,17.717],[106.4668,17.7524],[106.4526,17.793],[106.4462,17.8202],[106.4444,17.845],[106.4479,17.8612],[106.4602,17.8794],[106.4725,17.907],[106.4834,17.9209],[106.5025,17.9242],[106.5114,17.9426],[106.5053,17.9526],[106.5107,17.9599],[106.4955,17.9606],[106.4786,17.9534],[106.4711,17.9562],[106.4502,17.9495],[106.4447,17.9518],[106.4441,17.9689],[106.4355,17.9728],[106.4228,17.9695],[106.41,17.9726],[106.4004,17.9817],[106.387,17.9824],[106.3605,17.991],[106.3378,17.991],[106.3286,17.9799],[106.323,17.9625],[106.3054,17.9628],[106.2962,17.9453],[106.2874,17.9428],[106.281,17.9336],[106.2867,17.9257],[106.2802,17.9158],[106.2687,17.92],[106.2642,17.9138],[106.2407,17.9304],[106.2226,17.9297],[106.2071,17.9254],[106.2,17.9164],[106.1937,17.9221],[106.1726,17.9145],[106.1311,17.9204],[106.1173,17.9279],[106.1062,17.9275],[106.091,17.9329],[106.0764,17.9328],[106.0456,17.9461],[106.0476,17.9634],[106.0592,17.9753],[106.0713,17.9952],[106.0596,18.008],[106.0492,18.0259],[106.0276,18.0226],[106.0165,18.0288],[106.0074,18.0426],[105.9948,18.051],[105.983,18.0644],[105.968,18.0549],[105.95,18.0588],[105.9451,18.0742],[105.9302,18.0891],[105.918,18.0811],[105.9134,18.0872],[105.895,18.0901],[105.8831,18.0833],[105.8751,18.0693],[105.8527,18.0677],[105.8486,18.064],[105.826,18.0629],[105.813,18.0526],[105.8352,18.0413],[105.829,18.0317],[105.8168,18.038],[105.8078,18.0318],[105.8097,18.0259],[105.7872,18.0248],[105.7788,18.0172],[105.7605,18.0247],[105.7505,18.0338],[105.731,18.0344],[105.7206,18.0214],[105.7203,18.0057],[105.7047,17.9923],[105.6435,17.9925],[105.6431,17.9645],[105.6285,17.952],[105.6224,17.9188],[105.6091,17.8902],[105.6159,17.88],[105.6273,17.8762],[105.6398,17.8579],[105.662,17.8559],[105.683,17.8346],[105.6843,17.8188],[105.6752,17.7949],[105.6891,17.7846],[105.693,17.7705],[105.7058,17.7587],[105.7185,17.7564],[105.7303,17.7451],[105.7289,17.7236],[105.7435,17.7226],[105.751,17.6684],[105.761,17.6666],[105.7672,17.6734],[105.7816,17.6762],[105.7917,17.6701],[105.799,17.658],[105.8045,17.6604],[105.8111,17.6489],[105.8192,17.6447],[105.8293,17.6543],[105.8323,17.6341],[105.8362,17.63],[105.8552,17.6343],[105.852,17.6233],[105.8583,17.6237],[105.9592,17.5104],[106.094,17.3588],[106.101,17.3564],[106.1357,17.3339],[106.1447,17.325],[106.1431,17.3152],[106.1713,17.2982],[106.1974,17.2744],[106.208,17.2712],[106.232,17.2516],[106.2452,17.2501],[106.2514,17.2445],[106.2542,17.2533],[106.2757,17.2618],[106.281,17.2772],[106.2753,17.2959],[106.291,17.297],[106.3061,17.2899],[106.307,17.2591],[106.3186,17.249],[106.309,17.2426],[106.3178,17.2355],[106.3334,17.2355],[106.3337,17.2262],[106.3236,17.2158],[106.3083,17.2181],[106.3057,17.2069],[106.326,17.1995],[106.3211,17.1916],[106.3397,17.1671],[106.3562,17.1586],[106.3486,17.1474],[106.3565,17.1346],[106.3705,17.1244],[106.3733,17.111],[106.4077,17.0888],[106.4175,17.0784],[106.4022,17.0515],[106.4233,17.0301],[106.4274,17.0063],[106.4405,16.9948],[106.457,17.0007],[106.4714,16.9832],[106.4987,16.9799],[106.5166,16.9719],[106.5313,16.9783],[106.5348,16.9891],[106.543,16.9949],[106.5502,17.0077],[106.5475,16.926],[106.5247,16.9257],[106.5194,16.922],[106.5164,16.9067],[106.5186,16.8896],[106.5314,16.8831],[106.5389,16.8731],[106.5512,16.8678],[106.5522,16.6943],[106.5568,16.6788],[106.5668,16.6614],[106.5637,16.6459],[106.5897,16.624],[106.583,16.6124],[106.5874,16.6008],[106.5967,16.6058],[106.6169,16.6058],[106.6268,16.6011],[106.6245,16.5879],[106.6286,16.5819],[106.6328,16.5914],[106.6493,16.5927],[106.6578,16.5814],[106.6674,16.584],[106.6627,16.5716],[106.6726,16.562],[106.6606,16.5547],[106.6475,16.5405],[106.6471,16.5221],[106.6548,16.5095],[106.6654,16.5029],[106.6596,16.4928],[106.6641,16.4863],[106.6625,16.4723],[106.6718,16.4768],[106.6758,16.4523],[106.6834,16.458],[106.6928,16.4501],[106.6874,16.4393],[106.7152,16.4332],[106.7258,16.4252],[106.7243,16.433],[106.7327,16.4399],[106.7341,16.4253],[106.74,16.4108],[106.7465,16.4242],[106.7635,16.4252],[106.7718,16.4315],[106.7753,16.4428],[106.7736,16.4695],[106.7925,16.4733],[106.8021,16.4635],[106.8142,16.4872],[106.828,16.5236],[106.8227,16.5292],[106.8296,16.5371],[106.8308,16.5489],[106.8444,16.5473],[106.8864,16.522],[106.8865,16.4909],[106.879,16.4849],[106.8777,16.4694],[106.8845,16.4677],[106.8886,16.4519],[106.8717,16.4359],[106.8738,16.4261],[106.8877,16.4214],[106.9001,16.426],[106.8914,16.4088],[106.8976,16.392],[106.9132,16.3812],[106.9227,16.3702],[106.9526,16.3584],[106.9633,16.3585],[106.9674,16.3476],[106.9653,16.3194],[106.9708,16.3018],[106.9954,16.3077],[107.0074,16.3134],[107.0206,16.3028],[107.028,16.3113],[107.043,16.301],[107.0519,16.3066],[107.0717,16.3038],[107.0812,16.3124]]],[[[107.3325,17.1634],[107.336,17.1517],[107.3483,17.1566],[107.3413,17.1663],[107.3325,17.1634]]]]},"properties":{"ma_tinh":"44","ten_tinh":"Quảng Trị","sap_nhap":"Quảng Trị, Quảng Bình","quy_mo":"78 đơn vị (8 phường, 69 xã và 1 đặc khu Cồn Cỏ)","tru_so":"Số 6 Hùng Vương, Đồng Hới, Quảng Trị","loai":"Tỉnh","cap":1,"stt":19,"dien_tich_km2":12699.99,"dan_so":1870844,"mat_do_km2":147.31,"lat":16.744876500000004,"lon":106.94410450000001,"GEOlayersRenamed":"Quảng Trị"}},
{"type":"Feature","geometry":{"type":"Polygon","coordinates":[[[103.2168,20.8959],[103.2122,20.8901],[103.2219,20.8867],[103.2347,20.8733],[103.2247,20.851],[103.2366,20.8329],[103.2427,20.8345],[103.2566,20.8235],[103.2643,20.8226],[103.2788,20.8307],[103.2846,20.8385],[103.2944,20.8361],[103.2921,20.8252],[103.3029,20.8199],[103.3193,20.8198],[103.351,20.8022],[103.3646,20.8069],[103.382,20.7857],[103.3986,20.7825],[103.4073,20.786],[103.4146,20.7975],[103.421,20.7943],[103.4421,20.7975],[103.4401,20.8058],[103.4463,20.8204],[103.4621,20.8284],[103.4827,20.8103],[103.4789,20.7945],[103.4849,20.7845],[103.491,20.7866],[103.5016,20.7717],[103.5075,20.7546],[103.5204,20.7498],[103.5366,20.7541],[103.5523,20.7449],[103.5623,20.7505],[103.5825,20.7502],[103.5993,20.7461],[103.6084,20.7313],[103.6364,20.7212],[103.6435,20.7058],[103.6561,20.6958],[103.6662,20.7008],[103.6733,20.6704],[103.6843,20.6609],[103.7371,20.6686],[103.7463,20.6781],[103.7345,20.6946],[103.7369,20.7083],[103.7283,20.7222],[103.733,20.7347],[103.7533,20.7327],[103.7697,20.7355],[103.7922,20.7497],[103.7849,20.7611],[103.7884,20.7785],[103.7769,20.7929],[103.7751,20.8052],[103.7996,20.8236],[103.8046,20.8324],[103.7998,20.8501],[103.8114,20.8535],[103.8093,20.8662],[103.8306,20.8726],[103.8401,20.8632],[103.8501,20.8613],[103.8573,20.8723],[103.8781,20.8904],[103.8818,20.8986],[103.896,20.9069],[103.9175,20.9004],[103.9374,20.9024],[103.9435,20.8939],[103.9573,20.897],[103.9712,20.9122],[103.9912,20.9089],[103.992,20.9049],[104.02,20.9055],[104.0283,20.9019],[104.0484,20.9139],[104.048,20.9315],[104.0573,20.9417],[104.0512,20.9508],[104.0797,20.9589],[104.0922,20.9648],[104.1042,20.9786],[104.1259,20.9646],[104.13,20.9496],[104.1369,20.948],[104.157,20.9556],[104.1862,20.9552],[104.1967,20.9451],[104.2038,20.9466],[104.2139,20.9389],[104.228,20.9389],[104.2405,20.9332],[104.2354,20.9191],[104.2466,20.9032],[104.2573,20.8985],[104.2635,20.9081],[104.2616,20.9176],[104.2792,20.9269],[104.2926,20.9218],[104.2919,20.9127],[104.3126,20.9035],[104.3276,20.8887],[104.3349,20.8721],[104.3259,20.8592],[104.3347,20.8599],[104.3476,20.8448],[104.3632,20.8347],[104.3776,20.8204],[104.3819,20.829],[104.3969,20.8201],[104.412,20.8017],[104.428,20.7921],[104.4309,20.7974],[104.4477,20.799],[104.4509,20.7827],[104.4678,20.7797],[104.4703,20.7737],[104.484,20.7671],[104.4821,20.7597],[104.4894,20.7449],[104.4884,20.7292],[104.4951,20.7147],[104.5115,20.7156],[104.5065,20.7106],[104.5207,20.7005],[104.5297,20.7134],[104.5523,20.7225],[104.5806,20.7039],[104.5875,20.695],[104.5842,20.6824],[104.5919,20.6751],[104.6363,20.6722],[104.638,20.6525],[104.6515,20.6401],[104.6616,20.624],[104.6695,20.6236],[104.6836,20.6115],[104.684,20.596],[104.6957,20.6025],[104.7226,20.6035],[104.7213,20.5961],[104.7403,20.5736],[104.7555,20.5776],[104.766,20.585],[104.7719,20.575],[104.7808,20.5759],[104.7823,20.5839],[104.7903,20.5818],[104.8028,20.5871],[104.7984,20.5967],[104.7972,20.6189],[104.8041,20.6213],[104.8097,20.6334],[104.8462,20.6508],[104.8368,20.6597],[104.8399,20.6907],[104.8356,20.6974],[104.8476,20.703],[104.8399,20.7212],[104.8458,20.7306],[104.8372,20.7342],[104.837,20.7549],[104.8593,20.7532],[104.8638,20.7691],[104.8825,20.7669],[104.9087,20.7493],[104.9241,20.7438],[104.9341,20.7487],[104.9475,20.7367],[104.9496,20.7413],[104.9691,20.7327],[104.9832,20.7214],[105.0137,20.7227],[105.0188,20.7259],[105.0135,20.7405],[104.9901,20.7541],[104.9938,20.7619],[105.0071,20.7639],[105.0081,20.7718],[105.0201,20.7793],[105.0329,20.7737],[105.0294,20.7806],[105.0325,20.7954],[105.0249,20.8035],[105.0126,20.8044],[104.9979,20.8177],[105.003,20.8257],[105.0067,20.8447],[104.9971,20.8462],[105.0009,20.8542],[104.9924,20.8672],[104.9915,20.8767],[104.9799,20.891],[104.9761,20.9074],[104.9596,20.9164],[104.941,20.9315],[104.9234,20.9633],[104.9006,20.9809],[104.8898,21.0096],[104.8801,21.0236],[104.8681,21.0295],[104.8527,21.0764],[104.8679,21.0756],[104.8764,21.0986],[104.8928,21.1073],[104.912,21.1112],[104.8964,21.1261],[104.8973,21.1298],[104.8806,21.1342],[104.872,21.1442],[104.8564,21.1475],[104.8531,21.1592],[104.8601,21.1734],[104.8509,21.1799],[104.8582,21.1868],[104.8652,21.2101],[104.8446,21.2274],[104.8525,21.2379],[104.8499,21.2582],[104.8405,21.2655],[104.8431,21.3106],[104.817,21.3236],[104.8139,21.3326],[104.7948,21.3351],[104.7789,21.3259],[104.7682,21.3313],[104.7689,21.3443],[104.7488,21.3524],[104.7479,21.3678],[104.7341,21.3835],[104.7329,21.4061],[104.7247,21.4007],[104.7102,21.3997],[104.7022,21.4066],[104.6898,21.4008],[104.6855,21.377],[104.6764,21.3754],[104.6549,21.3833],[104.6435,21.384],[104.6106,21.4065],[104.6071,21.4159],[104.5878,21.423],[104.5788,21.4087],[104.5692,21.413],[104.5534,21.409],[104.5312,21.4143],[104.5142,21.3959],[104.5051,21.377],[104.4934,21.3733],[104.4818,21.357],[104.4701,21.3513],[104.4477,21.357],[104.4341,21.3535],[104.4202,21.3606],[104.4185,21.3798],[104.4101,21.3878],[104.3951,21.3923],[104.3826,21.3893],[104.3642,21.401],[104.347,21.4194],[104.3436,21.4104],[104.3312,21.4082],[104.3202,21.4277],[104.3038,21.4333],[104.2986,21.4394],[104.301,21.4575],[104.2887,21.4623],[104.2821,21.4722],[104.2844,21.4916],[104.2929,21.5024],[104.2935,21.5245],[104.2831,21.5363],[104.2769,21.5509],[104.2877,21.5686],[104.2985,21.5718],[104.2908,21.6027],[104.306,21.6079],[104.3197,21.6205],[104.3311,21.6376],[104.3403,21.6423],[104.3389,21.6533],[104.3177,21.6566],[104.3053,21.6533],[104.2861,21.6609],[104.255,21.6656],[104.2558,21.6699],[104.2316,21.6729],[104.2118,21.6707],[104.2043,21.6557],[104.1919,21.6472],[104.1757,21.6481],[104.174,21.6364],[104.1531,21.6433],[104.1448,21.6549],[104.1157,21.6464],[104.102,21.6473],[104.0929,21.6421],[104.0807,21.6493],[104.0481,21.6585],[104.0268,21.6723],[104.0069,21.6658],[104.0058,21.6724],[103.9848,21.6782],[103.9714,21.6728],[103.9641,21.6788],[103.9585,21.6697],[103.9361,21.6701],[103.9377,21.6913],[103.9222,21.7],[103.909,21.6948],[103.8944,21.6997],[103.8822,21.709],[103.881,21.6878],[103.8722,21.6861],[103.8607,21.6931],[103.8536,21.6913],[103.8488,21.703],[103.8373,21.706],[103.8329,21.7438],[103.8306,21.7371],[103.8074,21.7374],[103.7962,21.7576],[103.7831,21.7674],[103.7784,21.7796],[103.7543,21.7794],[103.7532,21.7889],[103.7592,21.8089],[103.7233,21.8097],[103.7108,21.8217],[103.6975,21.8238],[103.6962,21.838],[103.7057,21.843],[103.7074,21.8526],[103.7222,21.8736],[103.7152,21.8858],[103.7048,21.8843],[103.7064,21.9016],[103.6988,21.9116],[103.6828,21.9207],[103.6897,21.9318],[103.6875,21.9423],[103.6681,21.9484],[103.6588,21.9667],[103.6581,21.9811],[103.6521,21.9934],[103.6347,21.9891],[103.6127,22.0025],[103.6061,22.0133],[103.5975,22.0118],[103.5475,22.0295],[103.5262,22.0247],[103.511,22.01],[103.5136,21.9906],[103.5014,21.9805],[103.4977,21.9712],[103.5093,21.9563],[103.4982,21.9491],[103.5187,21.9218],[103.5218,21.9137],[103.5087,21.9111],[103.5031,21.9041],[103.481,21.917],[103.4803,21.9078],[103.4881,21.903],[103.4924,21.8752],[103.5082,21.8735],[103.5221,21.8621],[103.5285,21.845],[103.528,21.8349],[103.542,21.8217],[103.5361,21.8143],[103.5532,21.7928],[103.5519,21.7832],[103.5413,21.7761],[103.5588,21.7616],[103.5617,21.7486],[103.5749,21.733],[103.5841,21.705],[103.5983,21.6838],[103.5932,21.6746],[103.584,21.6851],[103.5678,21.6777],[103.5598,21.6674],[103.5575,21.6558],[103.5417,21.6464],[103.544,21.6399],[103.5598,21.6264],[103.5464,21.6018],[103.5327,21.5905],[103.5315,21.5665],[103.5195,21.5647],[103.5221,21.5434],[103.5167,21.533],[103.5043,21.5351],[103.4886,21.5275],[103.4843,21.5206],[103.4613,21.5124],[103.4515,21.502],[103.4469,21.4857],[103.4537,21.4802],[103.4567,21.4579],[103.4455,21.4442],[103.4493,21.4379],[103.4412,21.4309],[103.4124,21.4274],[103.4095,21.4506],[103.3983,21.4345],[103.3776,21.4354],[103.3792,21.4298],[103.3527,21.4245],[103.3459,21.4299],[103.3307,21.4155],[103.339,21.3994],[103.3562,21.3919],[103.3615,21.3718],[103.3867,21.3686],[103.3879,21.3606],[103.3769,21.3464],[103.3706,21.3473],[103.3697,21.3313],[103.3816,21.3289],[103.3979,21.3168],[103.4157,21.3197],[103.4315,21.3075],[103.4415,21.2837],[103.439,21.2634],[103.4271,21.2518],[103.434,21.2318],[103.4327,21.2061],[103.4378,21.1979],[103.4344,21.1685],[103.4239,21.1594],[103.4146,21.1666],[103.3976,21.152],[103.4062,21.1308],[103.4055,21.1091],[103.4131,21.0981],[103.413,21.089],[103.4219,21.0799],[103.4219,21.0657],[103.4021,21.0656],[103.3854,21.06],[103.3655,21.0715],[103.3581,21.0718],[103.3339,21.0908],[103.3159,21.096],[103.2903,21.0981],[103.2818,21.0903],[103.2889,21.0768],[103.2811,21.0602],[103.2755,21.0571],[103.2762,21.0444],[103.2865,21.0351],[103.2922,21.0173],[103.2801,21.0036],[103.292,20.9922],[103.2981,20.975],[103.2953,20.9577],[103.2981,20.9477],[103.286,20.9482],[103.2751,20.9387],[103.2748,20.9265],[103.2879,20.9092],[103.2791,20.8976],[103.2681,20.9032],[103.262,20.8877],[103.2433,20.8848],[103.2316,20.8956],[103.2168,20.8959]]]},"properties":{"ma_tinh":"14","ten_tinh":"Sơn La","sap_nhap":"không sáp nhập","quy_mo":"75 đơn vị (8 phường, 67 xã)","tru_so":"Đang cập nhật","loai":"Tỉnh","cap":1,"stt":15,"dien_tich_km2":14108.89,"dan_so":1404587,"mat_do_km2":99.55,"lat":21.302053,"lon":103.94049899999999,"GEOlayersRenamed":"Sơn La"}},
{"type":"Feature","geometry":{"type":"Polygon","coordinates":[[[105.5001,10.9526],[105.5142,10.9254],[105.5187,10.9216],[105.5827,10.8921],[105.6123,10.832],[105.5957,10.8308],[105.6071,10.8207],[105.7806,10.6587],[105.8077,10.6537],[105.8345,10.6384],[105.8768,10.5814],[105.9098,10.5386],[105.9995,10.5325],[106.0926,10.5231],[106.1025,10.5228],[106.1012,10.5759],[106.1971,10.5804],[106.2058,10.5793],[106.2862,10.587],[106.3104,10.5654],[106.321,10.5693],[106.3357,10.5509],[106.3489,10.5408],[106.3477,10.5287],[106.3693,10.5177],[106.3706,10.4878],[106.3881,10.4764],[106.4037,10.4931],[106.417,10.4884],[106.4173,10.482],[106.4419,10.4664],[106.4421,10.4583],[106.4527,10.4534],[106.4273,10.4338],[106.4148,10.4297],[106.4279,10.4098],[106.4299,10.4143],[106.4518,10.4134],[106.4636,10.4005],[106.4801,10.3967],[106.4814,10.4048],[106.4993,10.4153],[106.5095,10.4275],[106.5182,10.4244],[106.5291,10.4335],[106.5385,10.421],[106.5448,10.4294],[106.5591,10.4221],[106.5581,10.4137],[106.5714,10.4122],[106.5888,10.4181],[106.5843,10.4342],[106.5998,10.4369],[106.6278,10.4521],[106.6325,10.4579],[106.6404,10.4803],[106.656,10.4809],[106.6603,10.4711],[106.6625,10.4436],[106.6735,10.4382],[106.6863,10.4426],[106.7005,10.4663],[106.7099,10.4767],[106.735,10.4972],[106.7431,10.5],[106.7474,10.5156],[106.7478,10.5328],[106.7418,10.5638],[106.7457,10.5756],[106.7286,10.58],[106.7189,10.6061],[106.7333,10.6288],[106.7219,10.6459],[106.7007,10.654],[106.6917,10.6485],[106.6876,10.6557],[106.6786,10.6453],[106.6664,10.6387],[106.6564,10.6436],[106.6527,10.6322],[106.6302,10.6266],[106.6297,10.6423],[106.6046,10.6579],[106.6017,10.6512],[106.5797,10.6561],[106.577,10.6489],[106.5662,10.6565],[106.5556,10.6509],[106.5489,10.6575],[106.5532,10.6658],[106.5503,10.6857],[106.5357,10.6855],[106.5272,10.7091],[106.5302,10.7173],[106.5203,10.7236],[106.5094,10.7171],[106.502,10.7261],[106.487,10.7298],[106.4637,10.7565],[106.5045,10.7889],[106.5112,10.8174],[106.5328,10.8997],[106.5314,10.9027],[106.4537,10.9418],[106.4117,10.9736],[106.3735,10.9695],[106.3567,10.9916],[106.367,10.9987],[106.3913,10.9997],[106.4128,11.0089],[106.4089,11.0225],[106.4247,11.0473],[106.4202,11.0633],[106.4274,11.0748],[106.426,11.0916],[106.4308,11.0921],[106.4374,11.1116],[106.4425,11.1159],[106.4478,11.136],[106.4299,11.1489],[106.4366,11.1558],[106.4302,11.1747],[106.4259,11.1705],[106.4099,11.1736],[106.4104,11.1828],[106.3889,11.1852],[106.3837,11.1942],[106.3892,11.2123],[106.3802,11.2174],[106.3837,11.2265],[106.3705,11.2447],[106.3624,11.2381],[106.3511,11.2488],[106.3636,11.2594],[106.3504,11.263],[106.3564,11.2844],[106.3468,11.2894],[106.3408,11.2857],[106.3424,11.297],[106.3356,11.295],[106.3458,11.323],[106.3269,11.3447],[106.3455,11.3641],[106.3545,11.3932],[106.3601,11.3973],[106.3599,11.4197],[106.3645,11.4222],[106.3684,11.4467],[106.4101,11.4682],[106.4232,11.4956],[106.4236,11.5072],[106.4298,11.5135],[106.4274,11.5343],[106.4426,11.5468],[106.4659,11.5422],[106.475,11.5491],[106.4903,11.5701],[106.4904,11.58],[106.4825,11.5973],[106.4817,11.6098],[106.469,11.6139],[106.4634,11.6236],[106.4643,11.6398],[106.4533,11.6536],[106.4512,11.6709],[106.4328,11.6715],[106.4256,11.6777],[106.4148,11.6774],[106.3993,11.6914],[106.3675,11.6961],[106.3484,11.6848],[106.3359,11.6808],[106.3269,11.6848],[106.3179,11.6791],[106.2985,11.6805],[106.2893,11.6956],[106.2814,11.6974],[106.2651,11.7097],[106.2655,11.7163],[106.2562,11.7256],[106.2374,11.7268],[106.2285,11.7309],[106.2166,11.7277],[106.1954,11.741],[106.1886,11.7499],[106.172,11.7491],[106.1524,11.7361],[106.1387,11.7433],[106.1075,11.745],[106.0994,11.756],[106.0816,11.7666],[106.0802,11.775],[106.0607,11.7829],[106.0247,11.7748],[106.0169,11.769],[106.0104,11.7518],[106.016,11.7333],[106.0009,11.7017],[105.9913,11.6992],[105.977,11.6832],[105.9817,11.678],[105.9804,11.6657],[105.9612,11.6499],[105.9531,11.6391],[105.926,11.6494],[105.8874,11.677],[105.8536,11.6629],[105.8371,11.6379],[105.8344,11.6256],[105.8221,11.6199],[105.8205,11.6119],[105.8096,11.6025],[105.815,11.5744],[105.8271,11.5644],[105.8507,11.5606],[105.8618,11.5665],[105.8805,11.5463],[105.8855,11.5322],[105.885,11.519],[105.8787,11.5019],[105.8846,11.4833],[105.8796,11.4824],[105.8748,11.4632],[105.8868,11.4507],[105.9005,11.4516],[105.9039,11.4415],[105.9,11.4275],[105.8916,11.4252],[105.8861,11.4126],[105.8717,11.4046],[105.8798,11.3898],[105.8734,11.3817],[105.8818,11.3727],[105.8837,11.3589],[105.8793,11.353],[105.8741,11.3274],[105.8674,11.3176],[105.8695,11.299],[105.8628,11.2875],[105.867,11.2812],[105.8771,11.2877],[105.909,11.2843],[105.9123,11.267],[105.9075,11.2534],[105.911,11.2405],[105.9271,11.2173],[105.9415,11.2063],[105.9664,11.1959],[105.9748,11.1995],[105.996,11.1912],[106.0143,11.1909],[106.0173,11.1571],[106.0254,11.1396],[106.0584,11.1201],[106.0758,11.0983],[106.0875,11.1015],[106.1001,11.0867],[106.0994,11.0788],[106.1088,11.0726],[106.122,11.088],[106.1441,11.1007],[106.1541,11.1022],[106.1733,11.0762],[106.1879,11.0503],[106.197,10.9922],[106.2057,10.9779],[106.193,10.9727],[106.18,10.9744],[106.1547,10.9838],[106.1444,10.9767],[106.1462,10.9524],[106.1517,10.9421],[106.1374,10.9159],[106.1619,10.888],[106.1883,10.838],[106.1901,10.79],[106.1645,10.8117],[106.096,10.8077],[106.0709,10.8118],[106.011,10.8539],[105.9717,10.8945],[105.9446,10.9178],[105.9443,10.9098],[105.9564,10.8837],[105.929,10.8597],[105.936,10.8469],[105.935,10.8387],[105.8989,10.8446],[105.8498,10.8627],[105.8493,10.8685],[105.8637,10.9011],[105.8401,10.9339],[105.8084,10.9727],[105.7797,11.0321],[105.7527,11.0251],[105.7421,11.0273],[105.7183,11.0212],[105.6952,11.0021],[105.6681,10.9878],[105.6195,10.9755],[105.5741,10.9624],[105.5514,10.9589],[105.5375,10.9522],[105.5051,10.949],[105.5001,10.9526]]]},"properties":{"ma_tinh":"80","ten_tinh":"Tây Ninh","sap_nhap":"Tây Ninh, Long An","quy_mo":"96 đơn vị (14 phường, 82 xã)","tru_so":"Số 136 Trần Hưng Đạo, Tân Ninh, Tây Ninh","loai":"Tỉnh","cap":1,"stt":27,"dien_tich_km2":8536.41,"dan_so":3254170,"mat_do_km2":381.21,"lat":11.088707,"lon":106.1242355,"GEOlayersRenamed":"Tây Ninh"}},
{"type":"Feature","geometry":{"type":"Polygon","coordinates":[[[105.5424,21.574],[105.5583,21.5701],[105.5632,21.5587],[105.5834,21.5354],[105.6039,21.5291],[105.6115,21.506],[105.6179,21.4996],[105.635,21.4931],[105.6311,21.4791],[105.6418,21.4723],[105.6519,21.4575],[105.6663,21.4603],[105.678,21.4562],[105.6873,21.4424],[105.7034,21.4409],[105.7116,21.4311],[105.7245,21.433],[105.7222,21.4138],[105.7292,21.4093],[105.7497,21.416],[105.763,21.4014],[105.7659,21.3896],[105.7597,21.3785],[105.7731,21.3707],[105.7754,21.3611],[105.7847,21.3596],[105.7858,21.3705],[105.8009,21.3854],[105.8351,21.3734],[105.8488,21.3778],[105.8583,21.3748],[105.852,21.3553],[105.8681,21.3271],[105.8924,21.3261],[105.8815,21.3385],[105.8863,21.3454],[105.8984,21.3432],[105.909,21.374],[105.9408,21.3737],[105.9451,21.3896],[105.941,21.3979],[105.9529,21.4066],[105.9574,21.4299],[105.9646,21.4359],[105.9725,21.4199],[105.9955,21.405],[106.0196,21.4026],[106.0254,21.3915],[106.0335,21.4085],[106.0266,21.4366],[106.046,21.4419],[106.0509,21.4608],[106.0409,21.4725],[106.0476,21.4818],[106.0379,21.4903],[106.0458,21.5082],[106.0411,21.5166],[106.0533,21.5391],[106.0546,21.5508],[106.0448,21.56],[106.0304,21.562],[106.033,21.5714],[106.049,21.5817],[106.0569,21.6033],[106.0743,21.6113],[106.0787,21.6186],[106.099,21.625],[106.1263,21.6157],[106.1602,21.6265],[106.1741,21.6096],[106.1853,21.604],[106.1974,21.6187],[106.1928,21.6479],[106.204,21.6539],[106.2054,21.6626],[106.2216,21.6727],[106.226,21.6905],[106.2383,21.7179],[106.2354,21.7268],[106.2254,21.7318],[106.2181,21.7264],[106.1966,21.7354],[106.196,21.7413],[106.1821,21.7416],[106.1654,21.7554],[106.1602,21.7552],[106.1394,21.7779],[106.1379,21.7847],[106.1111,21.7819],[106.1065,21.7904],[106.1077,21.8031],[106.0956,21.8213],[106.1082,21.8324],[106.1066,21.8407],[106.117,21.8416],[106.1105,21.861],[106.1154,21.8702],[106.1149,21.8944],[106.1272,21.8988],[106.1321,21.9205],[106.0979,21.9384],[106.1127,21.9497],[106.0992,21.9508],[106.0988,21.9592],[106.1113,21.9616],[106.1155,21.978],[106.1101,21.998],[106.1086,22.0214],[106.0969,22.0301],[106.1029,22.0457],[106.1,22.0714],[106.1144,22.0729],[106.123,22.0857],[106.1399,22.0864],[106.1572,22.0818],[106.163,22.1033],[106.1724,22.1129],[106.1857,22.1173],[106.1808,22.1284],[106.1913,22.1438],[106.197,22.1431],[106.2338,22.1778],[106.2212,22.1977],[106.2251,22.214],[106.2376,22.2213],[106.242,22.2471],[106.2472,22.256],[106.2454,22.2669],[106.2345,22.2792],[106.2148,22.2883],[106.2002,22.3096],[106.201,22.3229],[106.2085,22.3376],[106.2201,22.3478],[106.2087,22.3684],[106.1913,22.376],[106.1843,22.3871],[106.1612,22.3815],[106.148,22.4012],[106.1396,22.3943],[106.1318,22.3993],[106.1042,22.402],[106.0988,22.414],[106.1016,22.4357],[106.0945,22.4459],[106.1044,22.4525],[106.1197,22.472],[106.1146,22.4827],[106.1187,22.4992],[106.1175,22.5124],[106.1019,22.5163],[106.095,22.5278],[106.0952,22.5471],[106.0865,22.5532],[106.0734,22.5546],[106.0821,22.5667],[106.0811,22.5737],[106.0666,22.5683],[106.048,22.5782],[106.0379,22.562],[106.0073,22.5555],[106.0031,22.5485],[105.9865,22.5446],[105.9659,22.5287],[105.9529,22.5226],[105.947,22.5287],[105.9332,22.5282],[105.9243,22.5221],[105.9181,22.5045],[105.9038,22.4956],[105.8994,22.5071],[105.8756,22.5142],[105.8649,22.5205],[105.8511,22.5203],[105.8417,22.5151],[105.8324,22.5175],[105.8332,22.5266],[105.8213,22.5203],[105.8043,22.5234],[105.7874,22.5503],[105.7675,22.5559],[105.7789,22.5724],[105.766,22.5887],[105.7548,22.5859],[105.7456,22.595],[105.7533,22.6086],[105.7391,22.6282],[105.7281,22.631],[105.7286,22.6389],[105.7402,22.6432],[105.7496,22.6647],[105.7736,22.6844],[105.7771,22.6921],[105.7624,22.6962],[105.7518,22.7127],[105.7578,22.7265],[105.7469,22.7295],[105.7404,22.7412],[105.7298,22.7252],[105.7096,22.7273],[105.7018,22.7205],[105.6967,22.7291],[105.6923,22.7183],[105.6735,22.7253],[105.6635,22.723],[105.6487,22.704],[105.6484,22.6987],[105.6233,22.6991],[105.6196,22.7025],[105.6011,22.6832],[105.6032,22.6674],[105.5815,22.6694],[105.5756,22.6642],[105.5506,22.6575],[105.5411,22.6495],[105.5389,22.6339],[105.5312,22.6333],[105.529,22.6191],[105.5467,22.6008],[105.552,22.5991],[105.5464,22.5886],[105.5572,22.5744],[105.5634,22.56],[105.5721,22.5619],[105.5857,22.5523],[105.5992,22.5223],[105.5907,22.5077],[105.5961,22.5038],[105.5982,22.4889],[105.5796,22.4881],[105.581,22.4805],[105.5595,22.4624],[105.5557,22.4377],[105.5485,22.4378],[105.5541,22.4274],[105.5503,22.4205],[105.5587,22.4098],[105.5708,22.4192],[105.5594,22.4022],[105.5349,22.4077],[105.5183,22.4008],[105.5201,22.3917],[105.5134,22.377],[105.5172,22.3673],[105.5142,22.3488],[105.4975,22.3385],[105.4978,22.3204],[105.4828,22.3171],[105.4785,22.3042],[105.4915,22.2934],[105.461,22.2814],[105.4732,22.2729],[105.464,22.2647],[105.4554,22.2689],[105.4356,22.2584],[105.4356,22.2281],[105.433,22.2107],[105.4557,22.187],[105.4642,22.1812],[105.4626,22.1686],[105.47,22.1602],[105.476,22.1634],[105.4935,22.1577],[105.4737,22.1369],[105.4763,22.1292],[105.4626,22.1143],[105.4655,22.1031],[105.4735,22.0956],[105.4694,22.0811],[105.4627,22.0744],[105.4737,22.0678],[105.4735,22.0608],[105.489,22.0446],[105.4887,22.0321],[105.4938,22.0118],[105.5053,22.0084],[105.5049,21.9928],[105.5258,21.9803],[105.5335,21.9667],[105.5527,21.9626],[105.553,21.9088],[105.5453,21.9048],[105.5423,21.8905],[105.5249,21.888],[105.5195,21.8821],[105.5294,21.8478],[105.5285,21.8362],[105.5148,21.8268],[105.5105,21.8327],[105.4953,21.8314],[105.4929,21.8046],[105.4975,21.7929],[105.4936,21.7754],[105.4996,21.7708],[105.5163,21.7743],[105.5258,21.7679],[105.5181,21.7556],[105.509,21.7503],[105.5159,21.7361],[105.5038,21.7295],[105.494,21.716],[105.4892,21.7027],[105.4772,21.6977],[105.4876,21.6905],[105.4819,21.6788],[105.4834,21.6604],[105.4909,21.6427],[105.5012,21.6301],[105.4965,21.6183],[105.5189,21.5969],[105.5266,21.5822],[105.5366,21.5817],[105.5424,21.574]]]},"properties":{"ma_tinh":"19","ten_tinh":"Thái Nguyên","sap_nhap":"Bắc Kạn, Thái Nguyên","quy_mo":"92 đơn vị (15 phường, 77 xã)","tru_so":"Đang cập nhật","loai":"Tỉnh","cap":1,"stt":10,"dien_tich_km2":8375.27,"dan_so":1799489,"mat_do_km2":214.86,"lat":22.022424194437324,"lon":105.82529783904366,"GEOlayersRenamed":"Thái Nguyên"}},
{"type":"Feature","geometry":{"type":"MultiPolygon","coordinates":[[[[104.9212,19.9978],[104.9243,19.9905],[104.9628,19.9898],[104.966,19.9753],[104.978,19.9769],[105.0002,19.9623],[104.9996,19.9565],[105.0167,19.9533],[105.0369,19.9393],[105.0428,19.9417],[105.0576,19.9314],[105.0928,19.9399],[105.1348,19.9213],[105.1547,19.9233],[105.1682,19.9157],[105.1712,19.899],[105.1788,19.88],[105.1881,19.8676],[105.185,19.858],[105.1603,19.8536],[105.1479,19.8542],[105.1462,19.837],[105.1312,19.8271],[105.1323,19.8079],[105.1275,19.8014],[105.1323,19.7861],[105.1302,19.7782],[105.1376,19.7655],[105.1331,19.7438],[105.1622,19.7197],[105.1532,19.7075],[105.1637,19.6986],[105.1634,19.6862],[105.1709,19.6798],[105.1837,19.6781],[105.2121,19.662],[105.2238,19.6486],[105.2362,19.6444],[105.2418,19.6566],[105.2483,19.6556],[105.2615,19.6393],[105.2672,19.6246],[105.2689,19.6073],[105.2812,19.6039],[105.2815,19.5956],[105.2729,19.5883],[105.278,19.585],[105.2808,19.5638],[105.2715,19.5563],[105.2742,19.5471],[105.2673,19.5295],[105.2745,19.5197],[105.2722,19.5071],[105.2799,19.5032],[105.2768,19.494],[105.2892,19.4916],[105.2934,19.4805],[105.3086,19.4896],[105.3088,19.4986],[105.325,19.5097],[105.3413,19.5382],[105.3534,19.5383],[105.3713,19.5148],[105.3666,19.4989],[105.3913,19.4669],[105.3899,19.4559],[105.4037,19.4498],[105.4095,19.4573],[105.435,19.4554],[105.4455,19.4409],[105.4682,19.4572],[105.4824,19.4479],[105.4923,19.4517],[105.5008,19.4628],[105.5242,19.464],[105.5383,19.4547],[105.5433,19.4348],[105.5615,19.4145],[105.5671,19.4027],[105.5832,19.3887],[105.5813,19.3826],[105.5906,19.3702],[105.6089,19.3682],[105.6204,19.3826],[105.6286,19.3795],[105.6328,19.3658],[105.6377,19.3674],[105.6427,19.3533],[105.6531,19.3532],[105.6553,19.343],[105.6681,19.3397],[105.6645,19.3142],[105.6767,19.3228],[105.6756,19.3162],[105.6878,19.3008],[105.694,19.3043],[105.715,19.3032],[105.7246,19.3135],[105.7417,19.3235],[105.7483,19.302],[105.7549,19.307],[105.7659,19.2926],[105.8003,19.3014],[105.8048,19.2871],[105.8144,19.3085],[105.803,19.3136],[105.8167,19.3163],[105.8222,19.3032],[105.828,19.3138],[105.8239,19.3256],[105.8258,19.339],[105.8106,19.3314],[105.8017,19.3408],[105.789,19.3666],[105.7846,19.4007],[105.7922,19.4042],[105.7934,19.4177],[105.8045,19.4302],[105.8124,19.4258],[105.8083,19.4482],[105.8064,19.4868],[105.8071,19.5196],[105.8105,19.549],[105.818,19.5789],[105.8247,19.6177],[105.8326,19.6494],[105.8413,19.6753],[105.8571,19.7079],[105.8792,19.7297],[105.8951,19.7208],[105.9114,19.7521],[105.9312,19.7769],[105.9318,19.79],[105.9388,19.7976],[105.931,19.8179],[105.9397,19.8515],[105.9473,19.8679],[105.9656,19.8903],[105.951,19.8909],[105.9532,19.9192],[105.9686,19.9351],[106.0029,19.9443],[106.0069,19.9503],[106.0246,19.96],[106.0253,19.9656],[106.024,19.9826],[106.0331,19.9996],[106.0533,20.0052],[106.0614,20.0183],[106.0661,20.0372],[106.076,20.0627],[106.0719,20.0666],[106.0237,20.0587],[106.0144,20.0648],[105.9936,20.0688],[105.9597,20.0654],[105.9301,20.0906],[105.9246,20.1014],[105.9103,20.1049],[105.8942,20.1186],[105.8735,20.1218],[105.8547,20.1378],[105.839,20.1408],[105.8316,20.1506],[105.8083,20.158],[105.7928,20.171],[105.7584,20.1787],[105.7398,20.1852],[105.7396,20.1925],[105.701,20.218],[105.6927,20.2214],[105.6935,20.2309],[105.6821,20.2353],[105.6776,20.2475],[105.6508,20.2734],[105.6202,20.282],[105.5996,20.3118],[105.5785,20.3118],[105.5649,20.3241],[105.5476,20.3351],[105.5505,20.3468],[105.5428,20.3615],[105.5322,20.3717],[105.5223,20.3599],[105.5019,20.3604],[105.4764,20.3754],[105.4604,20.3749],[105.4336,20.3859],[105.4213,20.3775],[105.4065,20.3727],[105.3849,20.3786],[105.3572,20.3922],[105.3453,20.3907],[105.3414,20.3972],[105.3235,20.4041],[105.3057,20.4166],[105.2938,20.4174],[105.2582,20.4343],[105.2672,20.4552],[105.2601,20.4668],[105.2396,20.4791],[105.2447,20.488],[105.2307,20.4971],[105.2316,20.5029],[105.2159,20.5092],[105.2114,20.5155],[105.1901,20.5174],[105.1845,20.5214],[105.1702,20.5153],[105.1631,20.5235],[105.1618,20.5356],[105.1526,20.5435],[105.141,20.5438],[105.1205,20.5623],[105.1106,20.5644],[105.1061,20.573],[105.0961,20.5664],[105.0791,20.5783],[105.0549,20.5701],[105.0527,20.561],[105.0255,20.5584],[105.0047,20.5727],[104.9894,20.5754],[104.9849,20.571],[104.9603,20.5793],[104.9618,20.5957],[104.9694,20.5954],[104.9568,20.6164],[104.9598,20.6289],[104.946,20.6436],[104.9278,20.6493],[104.9186,20.6592],[104.9001,20.669],[104.8866,20.6696],[104.8793,20.663],[104.8646,20.6601],[104.8536,20.6625],[104.8462,20.6508],[104.8097,20.6334],[104.8041,20.6213],[104.7972,20.6189],[104.7984,20.5967],[104.8028,20.5871],[104.7903,20.5818],[104.7823,20.5839],[104.7808,20.5759],[104.7719,20.575],[104.766,20.585],[104.7555,20.5776],[104.7403,20.5736],[104.7213,20.5961],[104.7226,20.6035],[104.6957,20.6025],[104.684,20.596],[104.6836,20.6115],[104.6695,20.6236],[104.6616,20.624],[104.6515,20.6401],[104.638,20.6525],[104.6263,20.6255],[104.6118,20.6203],[104.6011,20.6054],[104.584,20.6102],[104.5744,20.6063],[104.5573,20.6065],[104.5421,20.5986],[104.5358,20.5887],[104.5341,20.5757],[104.5234,20.5614],[104.5238,20.5479],[104.5078,20.5436],[104.4972,20.5455],[104.4828,20.5235],[104.4671,20.5137],[104.4384,20.5094],[104.4209,20.4916],[104.3879,20.4881],[104.3902,20.4774],[104.3802,20.474],[104.3742,20.4653],[104.3819,20.4478],[104.3768,20.4431],[104.3918,20.4406],[104.4155,20.4249],[104.406,20.4132],[104.4078,20.3881],[104.4205,20.3764],[104.4529,20.3781],[104.4683,20.3686],[104.4912,20.3769],[104.4954,20.3827],[104.5135,20.3855],[104.5223,20.3904],[104.5286,20.4017],[104.5272,20.4132],[104.5447,20.4078],[104.5642,20.4165],[104.5821,20.4144],[104.5987,20.4166],[104.6111,20.4233],[104.6183,20.4343],[104.613,20.4465],[104.6218,20.4519],[104.6254,20.4617],[104.6573,20.4742],[104.6698,20.4632],[104.6649,20.4518],[104.6857,20.4423],[104.6884,20.4327],[104.6957,20.4306],[104.7093,20.4107],[104.7193,20.4071],[104.7139,20.3992],[104.702,20.3983],[104.6836,20.4036],[104.6834,20.3965],[104.6554,20.3799],[104.6167,20.3603],[104.6155,20.3472],[104.6217,20.342],[104.6177,20.333],[104.6203,20.3203],[104.6153,20.3119],[104.6179,20.299],[104.6147,20.2753],[104.6104,20.2749],[104.6131,20.2439],[104.6302,20.2293],[104.6412,20.2342],[104.6615,20.233],[104.6682,20.2183],[104.6855,20.2183],[104.7153,20.206],[104.7193,20.201],[104.7407,20.1991],[104.758,20.2009],[104.7752,20.1984],[104.7891,20.1917],[104.8026,20.1795],[104.8199,20.1711],[104.8231,20.1616],[104.8358,20.1566],[104.8431,20.1483],[104.8586,20.1434],[104.883,20.1437],[104.8975,20.1469],[104.9138,20.1558],[104.9276,20.1584],[104.9296,20.1495],[104.9217,20.1407],[104.9346,20.1261],[104.9472,20.1223],[104.9613,20.1121],[104.9648,20.0998],[104.9896,20.0934],[104.9763,20.0797],[104.9726,20.0621],[104.9608,20.0509],[104.9381,20.0401],[104.9273,20.0236],[104.9185,20.0164],[104.9123,20.0029],[104.9212,19.9978]]],[[[105.9294,19.3834],[105.9139,19.3822],[105.9136,19.3695],[105.927,19.3587],[105.9381,19.376],[105.9294,19.3834]]]]},"properties":{"ma_tinh":"38","ten_tinh":"Thanh Hóa","sap_nhap":"không sáp nhập","quy_mo":"166 đơn vị (19 phường, 147 xã)","tru_so":"Số 35 Đại lộ Lê Lợi, Hạc Thành, Thanh Hóa","loai":"Tỉnh","cap":1,"stt":16,"dien_tich_km2":11114.78,"dan_so":4320947,"mat_do_km2":388.76,"lat":20.045528424350028,"lon":105.319500838079,"GEOlayersRenamed":"Thanh Hóa"}},
{"type":"Feature","geometry":{"type":"MultiPolygon","coordinates":[[[[106.4232,11.4956],[106.4101,11.4682],[106.3684,11.4467],[106.3645,11.4222],[106.3599,11.4197],[106.3601,11.3973],[106.3545,11.3932],[106.3455,11.3641],[106.3269,11.3447],[106.3458,11.323],[106.3356,11.295],[106.3424,11.297],[106.3408,11.2857],[106.3468,11.2894],[106.3564,11.2844],[106.3504,11.263],[106.3636,11.2594],[106.3511,11.2488],[106.3624,11.2381],[106.3705,11.2447],[106.3837,11.2265],[106.3802,11.2174],[106.3892,11.2123],[106.3837,11.1942],[106.3889,11.1852],[106.4104,11.1828],[106.4099,11.1736],[106.4259,11.1705],[106.4302,11.1747],[106.4366,11.1558],[106.4299,11.1489],[106.4478,11.136],[106.4425,11.1159],[106.4374,11.1116],[106.4308,11.0921],[106.426,11.0916],[106.4274,11.0748],[106.4202,11.0633],[106.4247,11.0473],[106.4089,11.0225],[106.4128,11.0089],[106.3913,10.9997],[106.367,10.9987],[106.3567,10.9916],[106.3735,10.9695],[106.4117,10.9736],[106.4537,10.9418],[106.5314,10.9027],[106.5328,10.8997],[106.5112,10.8174],[106.5045,10.7889],[106.4637,10.7565],[106.487,10.7298],[106.502,10.7261],[106.5094,10.7171],[106.5203,10.7236],[106.5302,10.7173],[106.5272,10.7091],[106.5357,10.6855],[106.5503,10.6857],[106.5532,10.6658],[106.5489,10.6575],[106.5556,10.6509],[106.5662,10.6565],[106.577,10.6489],[106.5797,10.6561],[106.6017,10.6512],[106.6046,10.6579],[106.6297,10.6423],[106.6302,10.6266],[106.6527,10.6322],[106.6564,10.6436],[106.6664,10.6387],[106.6786,10.6453],[106.6876,10.6557],[106.6917,10.6485],[106.7007,10.654],[106.7219,10.6459],[106.7333,10.6288],[106.7189,10.6061],[106.7286,10.58],[106.7457,10.5756],[106.7418,10.5638],[106.7478,10.5328],[106.7474,10.5156],[106.7431,10.5],[106.7433,10.4877],[106.7518,10.4677],[106.7808,10.4298],[106.8054,10.4078],[106.8078,10.3958],[106.8349,10.3961],[106.8509,10.405],[106.8736,10.4085],[106.8814,10.3888],[106.8752,10.3778],[106.8983,10.3772],[106.9339,10.3929],[106.971,10.4071],[106.9748,10.4157],[106.9645,10.4166],[106.9481,10.4264],[106.9324,10.4464],[106.9314,10.4671],[106.9447,10.4722],[106.9665,10.4641],[106.9771,10.4858],[106.9747,10.4983],[106.9915,10.499],[107.0148,10.4947],[107.026,10.4754],[107.0438,10.4672],[107.0564,10.4464],[107.0734,10.4424],[107.0813,10.4336],[107.1137,10.4362],[107.1186,10.4168],[107.1087,10.4085],[107.1028,10.394],[107.0925,10.3878],[107.0777,10.3925],[107.0682,10.381],[107.0583,10.3864],[107.0554,10.3741],[107.0621,10.3683],[107.0599,10.3576],[107.0735,10.3459],[107.0736,10.3311],[107.0841,10.3224],[107.0992,10.3477],[107.1109,10.3608],[107.1364,10.379],[107.1541,10.387],[107.1658,10.4018],[107.1785,10.4],[107.2001,10.4057],[107.2163,10.404],[107.2414,10.3779],[107.2545,10.3795],[107.2872,10.4166],[107.3183,10.4452],[107.3341,10.4494],[107.3702,10.4679],[107.405,10.4681],[107.4131,10.466],[107.4283,10.4698],[107.4454,10.4694],[107.4667,10.4962],[107.4837,10.4966],[107.5153,10.5031],[107.5311,10.5268],[107.5483,10.5427],[107.5605,10.561],[107.5703,10.5681],[107.5677,10.5856],[107.5719,10.6002],[107.5644,10.6083],[107.5682,10.619],[107.5507,10.6513],[107.5489,10.6617],[107.5389,10.6761],[107.5464,10.6945],[107.5442,10.7058],[107.5259,10.7316],[107.5157,10.7351],[107.506,10.7461],[107.5079,10.7565],[107.5018,10.7612],[107.5049,10.7714],[107.4851,10.7684],[107.4716,10.7938],[107.4576,10.7913],[107.4538,10.8029],[107.4444,10.8045],[107.4287,10.7876],[107.4185,10.7724],[107.4097,10.7747],[107.383,10.7511],[107.3739,10.7352],[107.3608,10.7279],[107.3564,10.7129],[107.3494,10.7065],[107.3529,10.6971],[107.3522,10.6785],[107.3282,10.6764],[107.3162,10.6691],[107.2998,10.6838],[107.3075,10.6937],[107.3009,10.7018],[107.3054,10.7131],[107.301,10.7208],[107.3029,10.7325],[107.3005,10.755],[107.2441,10.7562],[107.2313,10.7642],[107.2214,10.757],[107.2065,10.7595],[107.2068,10.7738],[107.1894,10.772],[107.1695,10.7537],[107.1544,10.7442],[107.1384,10.745],[107.1397,10.7096],[107.1338,10.6851],[107.1251,10.6825],[107.1212,10.6731],[107.1019,10.6633],[107.0965,10.652],[107.067,10.6535],[107.0645,10.6569],[107.0444,10.6574],[107.0134,10.6437],[107.0169,10.6337],[107.0054,10.6377],[106.9963,10.6273],[107.0076,10.6133],[106.9904,10.6048],[106.9837,10.5791],[106.9676,10.5901],[106.9261,10.6043],[106.9214,10.6097],[106.9102,10.6092],[106.9045,10.6231],[106.885,10.6404],[106.8829,10.6474],[106.8727,10.6477],[106.8592,10.6367],[106.8416,10.6369],[106.8348,10.6269],[106.8247,10.6285],[106.813,10.6424],[106.8071,10.6572],[106.7732,10.6768],[106.7563,10.6948],[106.7518,10.7167],[106.7605,10.7327],[106.7737,10.7477],[106.7991,10.7589],[106.8168,10.78],[106.8262,10.7742],[106.8229,10.7627],[106.828,10.7599],[106.8447,10.7747],[106.8554,10.7732],[106.8627,10.7654],[106.8703,10.7671],[106.8716,10.7757],[106.8658,10.7899],[106.8819,10.8077],[106.8775,10.8196],[106.8559,10.8435],[106.8467,10.8655],[106.851,10.8763],[106.8437,10.8844],[106.8389,10.9034],[106.8328,10.9065],[106.8148,10.9043],[106.8109,10.9187],[106.7944,10.9237],[106.7708,10.9428],[106.7701,10.9525],[106.7627,10.9533],[106.7621,10.9634],[106.7736,10.9592],[106.7947,10.9704],[106.7946,10.9757],[106.7827,10.986],[106.7753,11.0074],[106.7944,11.0235],[106.8096,11.0266],[106.8131,11.0353],[106.8095,11.045],[106.8001,11.0525],[106.8033,11.06],[106.8218,11.0652],[106.8297,11.0624],[106.8386,11.0413],[106.8596,11.0317],[106.8691,11.0216],[106.8762,11.0205],[106.8951,11.0278],[106.9075,11.022],[106.9145,11.043],[106.9228,11.0471],[106.922,11.0553],[106.9334,11.0648],[106.9416,11.0569],[106.9476,11.0592],[106.9522,11.073],[106.9453,11.0772],[106.9467,11.088],[106.9656,11.1081],[106.9534,11.1289],[106.9553,11.1421],[106.9646,11.1425],[106.9642,11.1499],[106.9555,11.1535],[106.9533,11.1638],[106.9416,11.1673],[106.9452,11.1773],[106.9333,11.189],[106.9241,11.1869],[106.9191,11.193],[106.9075,11.1921],[106.902,11.2106],[106.9148,11.2142],[106.9105,11.2409],[106.9236,11.2417],[106.9274,11.2468],[106.9278,11.265],[106.9246,11.2706],[106.9415,11.2932],[106.9372,11.3056],[106.9523,11.3234],[106.951,11.3381],[106.9402,11.3564],[106.9074,11.353],[106.9006,11.3404],[106.8844,11.3397],[106.8699,11.3215],[106.8754,11.3084],[106.857,11.3146],[106.8555,11.3285],[106.863,11.3383],[106.8558,11.3536],[106.8585,11.362],[106.8547,11.3767],[106.8418,11.375],[106.825,11.3841],[106.8117,11.3758],[106.7884,11.3859],[106.789,11.4012],[106.7695,11.4041],[106.7705,11.4266],[106.7816,11.4277],[106.805,11.4501],[106.8087,11.4611],[106.8028,11.4821],[106.7904,11.4918],[106.7742,11.4825],[106.7537,11.4761],[106.7499,11.4684],[106.7562,11.4504],[106.7417,11.4407],[106.7418,11.4342],[106.7291,11.4331],[106.7262,11.4237],[106.7099,11.4069],[106.7042,11.3962],[106.6972,11.403],[106.6864,11.3955],[106.6733,11.4012],[106.679,11.385],[106.6738,11.3544],[106.6517,11.3599],[106.6326,11.3588],[106.6161,11.3632],[106.6132,11.3874],[106.5991,11.3863],[106.5921,11.3807],[106.5761,11.3785],[106.563,11.37],[106.5556,11.3716],[106.5396,11.3889],[106.548,11.4033],[106.5411,11.4239],[106.5487,11.4363],[106.5591,11.4396],[106.5732,11.4565],[106.5602,11.4721],[106.5563,11.4848],[106.5482,11.4707],[106.54,11.4679],[106.5246,11.48],[106.5146,11.4823],[106.4973,11.4959],[106.482,11.4993],[106.4355,11.501],[106.4232,11.4956]]],[[[106.5761,8.6459],[106.615,8.6404],[106.613,8.6495],[106.5982,8.6692],[106.6017,8.6761],[106.6222,8.6903],[106.6281,8.6894],[106.6317,8.6998],[106.6425,8.6981],[106.6526,8.6908],[106.6598,8.6962],[106.6446,8.708],[106.6455,8.7318],[106.6601,8.73],[106.6664,8.7385],[106.6558,8.7472],[106.6704,8.7513],[106.6647,8.761],[106.6372,8.7524],[106.6239,8.7435],[106.6192,8.7315],[106.6117,8.7351],[106.6055,8.7282],[106.5934,8.7254],[106.5897,8.7071],[106.579,8.7063],[106.5745,8.6925],[106.5673,8.6921],[106.5598,8.678],[106.5761,8.6459]]],[[[106.6711,8.6815],[106.6598,8.6785],[106.6697,8.6611],[106.6781,8.6561],[106.682,8.6676],[106.6955,8.6605],[106.705,8.6635],[106.7028,8.6769],[106.6963,8.6797],[106.6934,8.671],[106.6822,8.6706],[106.6711,8.6815]]],[[[106.5761,8.6459],[106.5604,8.651],[106.5507,8.6651],[106.5414,8.6616],[106.5418,8.6476],[106.5588,8.6313],[106.5761,8.6459]]],[[[106.743,8.6949],[106.7333,8.6885],[106.7435,8.6883],[106.743,8.6949]]],[[[106.5515,8.7107],[106.538,8.7103],[106.5448,8.7036],[106.5515,8.7107]]],[[[107.017,10.4847],[107.0131,10.4929],[107.0055,10.4892],[107.017,10.4847]]]]},"properties":{"ma_tinh":"79","ten_tinh":"TP. Hồ Chí Minh","sap_nhap":"Thành phố Hồ Chí Minh, Bà Rịa - Vũng Tàu, Bình Dương","quy_mo":"168 đơn vị (113 phường, 54 xã và 1 đặc khu Côn Đảo)","tru_so":"Số 86 Lê Thánh Tôn, Sài Gòn, Hồ Chí Minh","loai":"Thành phố","cap":1,"stt":29,"dien_tich_km2":6780.43,"dan_so":14668098,"mat_do_km2":2163.3,"lat":10.892091931846457,"lon":106.84790925526973,"GEOlayersRenamed":"TP. Hồ Chí Minh"}},
{"type":"Feature","geometry":{"type":"Polygon","coordinates":[[[104.3418,22.7119],[104.3343,22.6904],[104.3532,22.6761],[104.3648,22.6729],[104.4021,22.6811],[104.4065,22.656],[104.4155,22.6434],[104.4066,22.6296],[104.4243,22.6322],[104.4292,22.6443],[104.4358,22.6278],[104.4322,22.6149],[104.4442,22.6063],[104.4589,22.604],[104.4638,22.5982],[104.4666,22.5741],[104.4505,22.5755],[104.4242,22.5722],[104.4236,22.5511],[104.4149,22.5305],[104.4346,22.523],[104.4437,22.5147],[104.4451,22.5039],[104.4525,22.496],[104.469,22.4903],[104.4725,22.4832],[104.4563,22.4643],[104.4488,22.4612],[104.4491,22.4497],[104.467,22.4242],[104.4908,22.4196],[104.4974,22.4047],[104.5077,22.4054],[104.5136,22.3985],[104.546,22.3818],[104.5537,22.3725],[104.5467,22.3609],[104.5553,22.3534],[104.5752,22.3537],[104.5811,22.3459],[104.5731,22.3425],[104.5643,22.3304],[104.5728,22.3257],[104.5797,22.3049],[104.5588,22.2834],[104.5444,22.2774],[104.5482,22.2493],[104.554,22.2412],[104.573,22.244],[104.5865,22.2531],[104.5857,22.264],[104.6092,22.2927],[104.6174,22.2866],[104.6287,22.2872],[104.6419,22.2764],[104.6502,22.2805],[104.6608,22.2731],[104.67,22.2768],[104.6765,22.2649],[104.6871,22.2612],[104.7045,22.2641],[104.7218,22.2579],[104.7278,22.2456],[104.7294,22.225],[104.7199,22.2153],[104.724,22.1987],[104.7337,22.1963],[104.741,22.1856],[104.7551,22.1856],[104.754,22.1777],[104.7636,22.1676],[104.7768,22.1755],[104.8071,22.1719],[104.8229,22.184],[104.8308,22.1786],[104.8458,22.185],[104.8556,22.1703],[104.8542,22.1569],[104.8622,22.1479],[104.8596,22.1345],[104.8636,22.1186],[104.8648,22.0965],[104.8818,22.0722],[104.8937,22.0723],[104.902,22.0644],[104.9128,22.0651],[104.9183,22.0588],[104.9283,22.0618],[104.9417,22.0517],[104.9461,22.0359],[104.9626,22.0288],[104.9712,22.0396],[104.9968,22.0442],[104.9923,22.0185],[104.9963,22.0143],[104.9898,22.0016],[104.9996,21.9882],[104.9927,21.9713],[104.993,21.953],[104.9876,21.944],[104.9893,21.9315],[104.9968,21.9287],[105.0094,21.9374],[105.0191,21.9357],[105.0221,21.9175],[105.0146,21.9078],[105.0143,21.8981],[105.0242,21.892],[105.0369,21.8914],[105.0412,21.8858],[105.0441,21.8657],[105.0585,21.8581],[105.0626,21.8469],[105.0752,21.8321],[105.089,21.828],[105.1004,21.8115],[105.0886,21.8073],[105.0807,21.79],[105.0717,21.7816],[105.0816,21.7714],[105.0721,21.7544],[105.058,21.7453],[105.0762,21.7357],[105.0768,21.7224],[105.0865,21.7184],[105.1019,21.7175],[105.11,21.7059],[105.1225,21.705],[105.1341,21.6965],[105.1503,21.6997],[105.157,21.6849],[105.1782,21.687],[105.1819,21.6796],[105.2086,21.6608],[105.2354,21.6588],[105.2379,21.6448],[105.2244,21.631],[105.2346,21.6184],[105.2471,21.6159],[105.2515,21.6029],[105.2441,21.5978],[105.2485,21.5845],[105.2741,21.5576],[105.2681,21.5454],[105.2913,21.5395],[105.2974,21.5317],[105.295,21.521],[105.3015,21.5086],[105.3207,21.5126],[105.3388,21.5042],[105.3435,21.519],[105.3531,21.518],[105.3713,21.5252],[105.3867,21.5198],[105.3888,21.5127],[105.4127,21.5125],[105.4233,21.4976],[105.4396,21.5103],[105.4558,21.5112],[105.4582,21.5189],[105.4662,21.5166],[105.4736,21.5239],[105.4853,21.5175],[105.4937,21.5271],[105.5048,21.5274],[105.511,21.5364],[105.5223,21.5357],[105.5297,21.5566],[105.5424,21.574],[105.5366,21.5817],[105.5266,21.5822],[105.5189,21.5969],[105.4965,21.6183],[105.5012,21.6301],[105.4909,21.6427],[105.4834,21.6604],[105.4819,21.6788],[105.4876,21.6905],[105.4772,21.6977],[105.4892,21.7027],[105.494,21.716],[105.5038,21.7295],[105.5159,21.7361],[105.509,21.7503],[105.5181,21.7556],[105.5258,21.7679],[105.5163,21.7743],[105.4996,21.7708],[105.4936,21.7754],[105.4975,21.7929],[105.4929,21.8046],[105.4953,21.8314],[105.5105,21.8327],[105.5148,21.8268],[105.5285,21.8362],[105.5294,21.8478],[105.5195,21.8821],[105.5249,21.888],[105.5423,21.8905],[105.5453,21.9048],[105.553,21.9088],[105.5527,21.9626],[105.5335,21.9667],[105.5258,21.9803],[105.5049,21.9928],[105.5053,22.0084],[105.4938,22.0118],[105.4887,22.0321],[105.489,22.0446],[105.4735,22.0608],[105.4737,22.0678],[105.4627,22.0744],[105.4694,22.0811],[105.4735,22.0956],[105.4655,22.1031],[105.4626,22.1143],[105.4763,22.1292],[105.4737,22.1369],[105.4935,22.1577],[105.476,22.1634],[105.47,22.1602],[105.4626,22.1686],[105.4642,22.1812],[105.4557,22.187],[105.433,22.2107],[105.4356,22.2281],[105.4356,22.2584],[105.4554,22.2689],[105.464,22.2647],[105.4732,22.2729],[105.461,22.2814],[105.4915,22.2934],[105.4785,22.3042],[105.4828,22.3171],[105.4978,22.3204],[105.4975,22.3385],[105.5142,22.3488],[105.5172,22.3673],[105.5134,22.377],[105.5201,22.3917],[105.5183,22.4008],[105.5349,22.4077],[105.5594,22.4022],[105.5708,22.4192],[105.5587,22.4098],[105.5503,22.4205],[105.5541,22.4274],[105.5485,22.4378],[105.5557,22.4377],[105.5595,22.4624],[105.581,22.4805],[105.5796,22.4881],[105.5982,22.4889],[105.5961,22.5038],[105.5907,22.5077],[105.5992,22.5223],[105.5857,22.5523],[105.5721,22.5619],[105.5634,22.56],[105.5572,22.5744],[105.5464,22.5886],[105.552,22.5991],[105.5467,22.6008],[105.529,22.6191],[105.5312,22.6333],[105.5139,22.6366],[105.5049,22.6509],[105.4976,22.6552],[105.49,22.6697],[105.4945,22.691],[105.5037,22.6948],[105.4753,22.7189],[105.4786,22.738],[105.4687,22.7495],[105.4704,22.7552],[105.4494,22.7595],[105.447,22.7694],[105.4249,22.776],[105.4177,22.7852],[105.3823,22.8124],[105.3686,22.8126],[105.3626,22.8248],[105.3455,22.8253],[105.3254,22.8348],[105.3252,22.8433],[105.3115,22.8511],[105.2786,22.857],[105.2657,22.8656],[105.2676,22.8814],[105.2818,22.8771],[105.3032,22.8763],[105.3069,22.8893],[105.3074,22.9122],[105.3223,22.9157],[105.3316,22.9323],[105.3575,22.9359],[105.3619,22.9396],[105.3647,22.9644],[105.3611,22.9796],[105.3746,22.9902],[105.4121,22.9951],[105.4185,23.0021],[105.4255,22.9991],[105.4416,23.0039],[105.4491,22.9991],[105.4877,23.0092],[105.4976,23.0392],[105.5039,23.0425],[105.5086,23.061],[105.5198,23.0744],[105.5178,23.0827],[105.5318,23.1114],[105.5513,23.1107],[105.5647,23.1193],[105.5596,23.1287],[105.5665,23.136],[105.5636,23.1436],[105.572,23.1489],[105.5737,23.1615],[105.5605,23.1688],[105.553,23.1877],[105.5437,23.1935],[105.5267,23.1887],[105.5174,23.1964],[105.5002,23.2019],[105.4915,23.2209],[105.493,23.2322],[105.4727,23.2515],[105.4651,23.2646],[105.4508,23.2778],[105.4455,23.2942],[105.4287,23.3016],[105.4295,23.2919],[105.4215,23.2851],[105.411,23.288],[105.3862,23.3141],[105.3708,23.3191],[105.3513,23.3453],[105.3482,23.3693],[105.3221,23.3924],[105.3079,23.3819],[105.2927,23.3604],[105.2877,23.359],[105.2841,23.3433],[105.2746,23.3395],[105.2565,23.3425],[105.249,23.3328],[105.2586,23.3194],[105.2496,23.3095],[105.246,23.2927],[105.2341,23.2884],[105.2421,23.2774],[105.2372,23.2647],[105.2267,23.2604],[105.2206,23.2708],[105.2138,23.2672],[105.1982,23.2748],[105.1955,23.2814],[105.1849,23.2773],[105.1786,23.288],[105.1576,23.2717],[105.156,23.267],[105.1075,23.2456],[105.0994,23.2475],[105.1017,23.2572],[105.0828,23.2669],[105.0591,23.2545],[105.0354,23.2323],[105.0245,23.2189],[104.9992,23.2135],[104.9974,23.203],[104.9794,23.2056],[104.9625,23.2001],[104.9557,23.18],[104.9471,23.1704],[104.9515,23.1632],[104.9471,23.1511],[104.9241,23.1604],[104.916,23.1693],[104.9172,23.176],[104.897,23.1795],[104.8809,23.1637],[104.8821,23.1452],[104.8744,23.1251],[104.8609,23.1247],[104.8441,23.1176],[104.8393,23.1114],[104.8308,23.1156],[104.8267,23.1079],[104.8199,23.1179],[104.8011,23.115],[104.8067,23.084],[104.816,23.0789],[104.8118,23.0705],[104.8136,23.058],[104.8204,23.0555],[104.8199,23.0379],[104.8282,23.0261],[104.8314,23.0041],[104.838,22.9957],[104.8353,22.9884],[104.8483,22.9797],[104.8607,22.9786],[104.8657,22.961],[104.8623,22.9423],[104.8497,22.9373],[104.8386,22.9221],[104.8295,22.9248],[104.8102,22.9195],[104.8088,22.915],[104.7885,22.9044],[104.7774,22.9052],[104.7648,22.8853],[104.7632,22.8701],[104.7531,22.857],[104.7382,22.8588],[104.7245,22.8498],[104.7358,22.8304],[104.7244,22.8201],[104.7003,22.8264],[104.6725,22.8178],[104.6565,22.8339],[104.6376,22.8336],[104.6212,22.8455],[104.6182,22.8336],[104.6238,22.8311],[104.6137,22.8164],[104.598,22.8169],[104.6047,22.8268],[104.5985,22.8467],[104.5774,22.8536],[104.5701,22.8442],[104.5454,22.8377],[104.5541,22.8357],[104.5377,22.8274],[104.5242,22.812],[104.5137,22.7898],[104.4984,22.7864],[104.4703,22.7577],[104.4237,22.738],[104.4087,22.726],[104.3993,22.702],[104.3878,22.7044],[104.3715,22.6884],[104.3528,22.6924],[104.3418,22.7119]]]},"properties":{"ma_tinh":"08","ten_tinh":"Tuyên Quang","sap_nhap":"Tuyên Quang, Hà Giang","quy_mo":"124 đơn vị (7 phường, 117 xã)","tru_so":"Số 160 Trần Hưng Đạo, Minh Xuân, Tuyên Quang","loai":"Tỉnh","cap":1,"stt":8,"dien_tich_km2":13795.52,"dan_so":1858056,"mat_do_km2":134.69,"lat":22.488710735664355,"lon":105.1010295593027,"GEOlayersRenamed":"Tuyên Quang"}},
{"type":"Feature","geometry":{"type":"MultiPolygon","coordinates":[[[[105.6816,10.1348],[105.7003,10.124],[105.7328,10.098],[105.749,10.092],[105.7667,10.0773],[105.7823,10.0692],[105.8135,10.0302],[105.8205,10.012],[105.8535,9.9724],[105.8851,9.9461],[105.9059,9.933],[105.9216,9.9299],[105.9393,9.9155],[105.9595,9.9029],[105.9944,9.868],[106.0054,9.8462],[106.0268,9.8222],[106.0421,9.8115],[106.0748,9.7735],[106.0947,9.7639],[106.1134,9.749],[106.1268,9.7325],[106.1713,9.6872],[106.216,9.6449],[106.2518,9.614],[106.2733,9.6037],[106.2982,9.5885],[106.306,9.5969],[106.3287,9.5837],[106.3672,9.5504],[106.3668,9.5302],[106.3732,9.5274],[106.4017,9.5356],[106.4125,9.5273],[106.4243,9.5281],[106.4674,9.5416],[106.4869,9.5501],[106.5259,9.5767],[106.5495,9.6049],[106.562,9.624],[106.5792,9.6617],[106.5812,9.6721],[106.5776,9.6938],[106.5694,9.6959],[106.5707,9.709],[106.5678,9.7361],[106.5512,9.7518],[106.5423,9.7509],[106.521,9.7661],[106.5177,9.7801],[106.5232,9.796],[106.5213,9.808],[106.4991,9.8245],[106.5209,9.8333],[106.5275,9.8289],[106.5433,9.8362],[106.5448,9.849],[106.56,9.856],[106.5795,9.8368],[106.611,9.7937],[106.6237,9.7967],[106.6341,9.8099],[106.642,9.8134],[106.6621,9.8372],[106.6848,9.8817],[106.6716,9.9019],[106.6588,9.9296],[106.6391,9.9388],[106.6268,9.9487],[106.6268,9.9743],[106.6376,9.972],[106.6495,9.9779],[106.6603,9.9903],[106.6743,9.9983],[106.6884,10.0164],[106.6867,10.0317],[106.7374,10.0444],[106.766,10.0754],[106.7906,10.1097],[106.7836,10.1278],[106.7885,10.1512],[106.7737,10.1703],[106.7518,10.1794],[106.7518,10.1917],[106.7418,10.1949],[106.7025,10.2167],[106.6509,10.2373],[106.6245,10.2445],[106.599,10.249],[106.5708,10.258],[106.533,10.2678],[106.5186,10.2819],[106.5018,10.2891],[106.4755,10.3067],[106.4483,10.3065],[106.3986,10.3357],[106.3827,10.3396],[106.3647,10.339],[106.3056,10.3192],[106.2772,10.3276],[106.2479,10.3202],[106.2136,10.3166],[106.2018,10.3125],[106.1714,10.2956],[106.14,10.2825],[106.104,10.2836],[106.0956,10.2779],[106.0788,10.2774],[106.039,10.2967],[106.0118,10.3181],[105.9933,10.3298],[105.9745,10.3264],[105.9261,10.2834],[105.9014,10.2742],[105.8942,10.2758],[105.8776,10.2644],[105.8904,10.2448],[105.9019,10.2449],[105.9012,10.2345],[105.9122,10.2266],[105.9195,10.211],[105.9132,10.1924],[105.8994,10.1917],[105.8951,10.1856],[105.8761,10.1891],[105.8702,10.1687],[105.8706,10.1544],[105.8516,10.1602],[105.8491,10.15],[105.8183,10.1496],[105.8012,10.1555],[105.7749,10.1889],[105.7656,10.1789],[105.7478,10.1974],[105.7278,10.2051],[105.6853,10.1434],[105.6816,10.1348]]],[[[106.5341,9.7839],[106.5451,9.7881],[106.5432,9.8017],[106.527,9.806],[106.5273,9.7916],[106.5341,9.7839]]]]},"properties":{"ma_tinh":"86","ten_tinh":"Vĩnh Long","sap_nhap":"Vĩnh Long, Bến Tre, Trà Vinh","quy_mo":"124 đơn vị (19 phường, 105 xã)","tru_so":"Số 88 Võ Văn Kiệt, Long Châu, Vĩnh Long","loai":"Tỉnh","cap":1,"stt":30,"dien_tich_km2":6243.18,"dan_so":4257581,"mat_do_km2":681.96,"lat":9.996340201802553,"lon":106.28911404376848,"GEOlayersRenamed":"Vĩnh Long"}}
]}